"name","weekday","income"
Bennet Abraham,sunday   ,16908574.7700
Bennet Abraham,sunday   ,12096793.0300
Bennet Abraham,sunday   ,15079772.9900
Bennet Abraham,sunday   ,11139121.3400
Bennet Abraham,sunday   ,16587824.9700
Bennet Abraham,sunday   ,20147122.4500
Bennet Abraham,sunday   ,10446275.0500
Bennet Abraham,sunday   ,21347937.4800
Bennet Abraham,sunday   ,16683061.4400
Bennet Abraham,sunday   ,23145398.5200
Bennet Abraham,sunday   ,15311395.9500
Bennet Abraham,sunday   ,21066885.4000
Bennet Abraham,sunday   ,12580195.4800
Bennet Abraham,sunday   ,19788389.6100
Blotchet-Halls Reginald,sunday   ,4650788.0000
Blotchet-Halls Reginald,sunday   ,5591900.8000
Blotchet-Halls Reginald,sunday   ,4458905.6000
Blotchet-Halls Reginald,sunday   ,5577538.4000
Blotchet-Halls Reginald,sunday   ,6151874.4000
Blotchet-Halls Reginald,sunday   ,6589152.0000
Blotchet-Halls Reginald,sunday   ,7680374.4000
Blotchet-Halls Reginald,sunday   ,6384218.4000
Blotchet-Halls Reginald,sunday   ,5828143.2000
Blotchet-Halls Reginald,sunday   ,6035702.4000
Blotchet-Halls Reginald,sunday   ,5542286.4000
Blotchet-Halls Reginald,sunday   ,5257747.2000
Blotchet-Halls Reginald,sunday   ,4474582.4000
Blotchet-Halls Reginald,sunday   ,6273259.2000
Carson Cheryl,sunday   ,5755571.7400
Carson Cheryl,sunday   ,4217321.5600
Carson Cheryl,sunday   ,4983781.3000
Carson Cheryl,sunday   ,4614712.6600
Carson Cheryl,sunday   ,6102332.4000
Carson Cheryl,sunday   ,4847041.5600
Carson Cheryl,sunday   ,2969948.4000
Carson Cheryl,sunday   ,5157942.7200
Carson Cheryl,sunday   ,3624983.6200
Carson Cheryl,sunday   ,4764320.1400
Carson Cheryl,sunday   ,4349912.1400
Carson Cheryl,sunday   ,5029120.6600
Carson Cheryl,sunday   ,5687163.1200
Carson Cheryl,sunday   ,7449443.8800
DeFrance Michel,sunday   ,36665241.5400
DeFrance Michel,sunday   ,25567987.8000
DeFrance Michel,sunday   ,34140826.0600
DeFrance Michel,sunday   ,35110145.4800
DeFrance Michel,sunday   ,33035779.7200
DeFrance Michel,sunday   ,19670857.6100
DeFrance Michel,sunday   ,25525977.7800
DeFrance Michel,sunday   ,22038111.6900
DeFrance Michel,sunday   ,29472650.1400
DeFrance Michel,sunday   ,35135998.9200
DeFrance Michel,sunday   ,32944950.5600
DeFrance Michel,sunday   ,38532270.2400
DeFrance Michel,sunday   ,30175700.2900
DeFrance Michel,sunday   ,40304991.1300
Dull Ann,sunday   ,1844599.3900
Dull Ann,sunday   ,2152426.6700
Dull Ann,sunday   ,2048141.5100
Dull Ann,sunday   ,3293160.1200
Dull Ann,sunday   ,2030766.4700
Dull Ann,sunday   ,2699908.8000
Dull Ann,sunday   ,2651216.5600
Dull Ann,sunday   ,1987467.4500
Dull Ann,sunday   ,2916030.4300
Dull Ann,sunday   ,2634777.7600
Dull Ann,sunday   ,2519706.1600
Dull Ann,sunday   ,2255828.5300
Dull Ann,sunday   ,2677479.0900
Dull Ann,sunday   ,2426778.6600
Green Marjorie,sunday   ,8661152.0500
Green Marjorie,sunday   ,9097000.9500
Green Marjorie,sunday   ,4950325.9500
Green Marjorie,sunday   ,7066859.2000
Green Marjorie,sunday   ,8982035.4000
Green Marjorie,sunday   ,8532066.0000
Green Marjorie,sunday   ,9673833.8000
Green Marjorie,sunday   ,8710741.9500
Green Marjorie,sunday   ,5143455.4500
Green Marjorie,sunday   ,8958796.9500
Green Marjorie,sunday   ,6375060.8000
Green Marjorie,sunday   ,7659702.1000
Green Marjorie,sunday   ,5411968.9500
Green Marjorie,sunday   ,5592534.4500
Greene Morningstar,sunday   ,6036363.4400
Greene Morningstar,sunday   ,5111770.1800
Greene Morningstar,sunday   ,4548475.1500
Greene Morningstar,sunday   ,5083447.9500
Greene Morningstar,sunday   ,3604400.2900
Greene Morningstar,sunday   ,3626909.7200
Greene Morningstar,sunday   ,6571522.4700
Greene Morningstar,sunday   ,4895256.5800
Greene Morningstar,sunday   ,6506739.4400
Greene Morningstar,sunday   ,5788118.0100
Greene Morningstar,sunday   ,3687481.8900
Greene Morningstar,sunday   ,4416310.3500
Greene Morningstar,sunday   ,4933133.3800
Greene Morningstar,sunday   ,3663125.0900
Gringlesby Burt,sunday   ,10530395.2000
Gringlesby Burt,sunday   ,8856899.2000
Gringlesby Burt,sunday   ,7253240.8000
Gringlesby Burt,sunday   ,4517341.6000
Gringlesby Burt,sunday   ,5524836.8000
Gringlesby Burt,sunday   ,11687396.0000
Gringlesby Burt,sunday   ,7868140.8000
Gringlesby Burt,sunday   ,8063926.4000
Gringlesby Burt,sunday   ,6283397.6000
Gringlesby Burt,sunday   ,9645608.0000
Gringlesby Burt,sunday   ,7891141.6000
Gringlesby Burt,sunday   ,6428360.8000
Gringlesby Burt,sunday   ,12109293.6000
Gringlesby Burt,sunday   ,6122302.4000
Hunter Sheryl,sunday   ,9106646.9400
Hunter Sheryl,sunday   ,9971924.3700
Hunter Sheryl,sunday   ,10199300.5500
Hunter Sheryl,sunday   ,10389904.2000
Hunter Sheryl,sunday   ,14324743.4200
Hunter Sheryl,sunday   ,11135641.0500
Hunter Sheryl,sunday   ,11709989.3100
Hunter Sheryl,sunday   ,13814241.3900
Hunter Sheryl,sunday   ,12103194.8300
Hunter Sheryl,sunday   ,10199300.5500
Hunter Sheryl,sunday   ,8621212.4600
Hunter Sheryl,sunday   ,7657560.3400
Hunter Sheryl,sunday   ,8339744.2000
Hunter Sheryl,sunday   ,10941135.7400
Karsen Livia,sunday   ,16208662.6000
Karsen Livia,sunday   ,10539386.0500
Karsen Livia,sunday   ,8388957.7100
Karsen Livia,sunday   ,4082593.4800
Karsen Livia,sunday   ,3479775.1100
Karsen Livia,sunday   ,10152201.3700
Karsen Livia,sunday   ,2713463.0900
Karsen Livia,sunday   ,12065001.7800
Karsen Livia,sunday   ,10833697.3900
Karsen Livia,sunday   ,16850295.2800
Karsen Livia,sunday   ,11053794.7300
Karsen Livia,sunday   ,8205050.3000
Karsen Livia,sunday   ,14452347.5300
Karsen Livia,sunday   ,8950158.3200
Locksley Charlene,sunday   ,8469273.5700
Locksley Charlene,sunday   ,8792064.0600
Locksley Charlene,sunday   ,5322457.4700
Locksley Charlene,sunday   ,7676322.8700
Locksley Charlene,sunday   ,6520551.3900
Locksley Charlene,sunday   ,6628659.3300
Locksley Charlene,sunday   ,5829587.3100
Locksley Charlene,sunday   ,7157972.6100
Locksley Charlene,sunday   ,7024115.4600
Locksley Charlene,sunday   ,6894335.1900
Locksley Charlene,sunday   ,5770945.3500
Locksley Charlene,sunday   ,6279608.5200
Locksley Charlene,sunday   ,6061865.3100
Locksley Charlene,sunday   ,5317358.3700
MacFeather Stearns,sunday   ,1703588.7800
MacFeather Stearns,sunday   ,2202792.6400
MacFeather Stearns,sunday   ,1358940.5200
MacFeather Stearns,sunday   ,1795669.1100
MacFeather Stearns,sunday   ,1732125.9300
MacFeather Stearns,sunday   ,2923629.0900
MacFeather Stearns,sunday   ,2987809.4100
MacFeather Stearns,sunday   ,2144324.1100
MacFeather Stearns,sunday   ,1736684.5000
MacFeather Stearns,sunday   ,1514356.1200
MacFeather Stearns,sunday   ,1812782.1300
MacFeather Stearns,sunday   ,1993590.7900
MacFeather Stearns,sunday   ,2230856.8600
MacFeather Stearns,sunday   ,1294284.6200
McBadden Heather,sunday   ,22672407.0900
McBadden Heather,sunday   ,20044773.1800
McBadden Heather,sunday   ,20770924.1200
McBadden Heather,sunday   ,19618307.0600
McBadden Heather,sunday   ,19910010.0900
McBadden Heather,sunday   ,22654923.0900
McBadden Heather,sunday   ,21099203.1500
McBadden Heather,sunday   ,14195121.0900
McBadden Heather,sunday   ,17251073.1500
McBadden Heather,sunday   ,11075161.0300
McBadden Heather,sunday   ,23989939.1200
McBadden Heather,sunday   ,13424900.1500
McBadden Heather,sunday   ,23060992.2100
McBadden Heather,sunday   ,16690650.2700
O'Leary Michael,sunday   ,7948270.6700
O'Leary Michael,sunday   ,6995926.6400
O'Leary Michael,sunday   ,7911633.8700
O'Leary Michael,sunday   ,6153493.0100
O'Leary Michael,sunday   ,13048668.4500
O'Leary Michael,sunday   ,6968449.0400
O'Leary Michael,sunday   ,12197075.6200
O'Leary Michael,sunday   ,13946057.2800
O'Leary Michael,sunday   ,9569023.5300
O'Leary Michael,sunday   ,7920793.0700
O'Leary Michael,sunday   ,9623978.7300
O'Leary Michael,sunday   ,6199289.0100
O'Leary Michael,sunday   ,12169598.0200
O'Leary Michael,sunday   ,5329377.7800
Panteley Sylvia,sunday   ,7325397.9000
Panteley Sylvia,sunday   ,8478835.4000
Panteley Sylvia,sunday   ,4033109.3000
Panteley Sylvia,sunday   ,6586750.9000
Panteley Sylvia,sunday   ,6422989.7000
Panteley Sylvia,sunday   ,4138076.5000
Panteley Sylvia,sunday   ,5782735.8000
Panteley Sylvia,sunday   ,7224894.1000
Panteley Sylvia,sunday   ,7122513.6000
Panteley Sylvia,sunday   ,7657354.0000
Panteley Sylvia,sunday   ,8044084.6000
Panteley Sylvia,sunday   ,8452502.9000
Panteley Sylvia,sunday   ,8598979.2000
Panteley Sylvia,sunday   ,5468989.3000
Ringer Albert,sunday   ,26001204.6500
Ringer Albert,sunday   ,31030883.8000
Ringer Albert,sunday   ,20860615.3500
Ringer Albert,sunday   ,22224893.9400
Ringer Albert,sunday   ,20192636.6900
Ringer Albert,sunday   ,36161874.3500
Ringer Albert,sunday   ,24462883.8000
Ringer Albert,sunday   ,24169694.0000
Ringer Albert,sunday   ,26545905.1000
Ringer Albert,sunday   ,29064581.8900
Ringer Albert,sunday   ,28737232.0500
Ringer Albert,sunday   ,19176578.9600
Ringer Albert,sunday   ,28183503.5600
Ringer Albert,sunday   ,26172998.6800
Ringer Anne,sunday   ,2745479.2000
Ringer Anne,sunday   ,3919110.8000
Ringer Anne,sunday   ,2540102.8000
Ringer Anne,sunday   ,3839467.6000
Ringer Anne,sunday   ,3309250.0000
Ringer Anne,sunday   ,5533914.2000
Ringer Anne,sunday   ,4360282.6000
Ringer Anne,sunday   ,2665836.0000
Ringer Anne,sunday   ,3107007.8000
Ringer Anne,sunday   ,3670778.6000
Ringer Anne,sunday   ,3796511.8000
Ringer Anne,sunday   ,3551313.8000
Ringer Anne,sunday   ,2420638.0000
Ringer Anne,sunday   ,3591135.4000
Smith Meander,sunday   ,2925340.9500
Smith Meander,sunday   ,4987914.2700
Smith Meander,sunday   ,4007742.1200
Smith Meander,sunday   ,2668014.9300
Smith Meander,sunday   ,4679473.7400
Smith Meander,sunday   ,3720195.7200
Smith Meander,sunday   ,1934348.1300
Smith Meander,sunday   ,3338252.1300
Smith Meander,sunday   ,6371671.3500
Smith Meander,sunday   ,4350139.0800
Smith Meander,sunday   ,5072238.0000
Smith Meander,sunday   ,4679473.7400
Smith Meander,sunday   ,4710441.3300
Smith Meander,sunday   ,3233034.2700
Straight Dean,sunday   ,14816544.2200
Straight Dean,sunday   ,13603649.2800
Straight Dean,sunday   ,13269405.5400
Straight Dean,sunday   ,14096844.1800
Straight Dean,sunday   ,12166342.5800
Straight Dean,sunday   ,11449234.4600
Straight Dean,sunday   ,14771134.6000
Straight Dean,sunday   ,14025328.7000
Straight Dean,sunday   ,16059511.2600
Straight Dean,sunday   ,10217006.8600
Straight Dean,sunday   ,11637356.0800
Straight Dean,sunday   ,10474760.9800
Straight Dean,sunday   ,10020219.4000
Straight Dean,sunday   ,10265667.7000
Stringer Dirk,sunday   ,52089909.3000
Stringer Dirk,sunday   ,32576029.2000
Stringer Dirk,sunday   ,39080655.9000
Stringer Dirk,sunday   ,48962949.7500
Stringer Dirk,sunday   ,57644601.3000
Stringer Dirk,sunday   ,50889267.0000
Stringer Dirk,sunday   ,36903631.0500
Stringer Dirk,sunday   ,45361022.8500
Stringer Dirk,sunday   ,51139974.6000
Stringer Dirk,sunday   ,49213657.3500
Stringer Dirk,sunday   ,48013015.0500
Stringer Dirk,sunday   ,57644601.3000
Stringer Dirk,sunday   ,79111246.5000
Stringer Dirk,sunday   ,50190039.9000
White Johnson,sunday   ,5505380.2250
White Johnson,sunday   ,5826804.9050
White Johnson,sunday   ,6343055.0700
White Johnson,sunday   ,4247426.1800
White Johnson,sunday   ,4086606.3350
White Johnson,sunday   ,8019463.1700
White Johnson,sunday   ,5458343.4150
White Johnson,sunday   ,5725852.1050
White Johnson,sunday   ,8618642.3550
White Johnson,sunday   ,5108511.9250
White Johnson,sunday   ,6795008.0800
White Johnson,sunday   ,6565113.4800
White Johnson,sunday   ,7642386.1150
White Johnson,sunday   ,8991390.7000
del Castillo Innes,sunday   ,11723357.1600
del Castillo Innes,sunday   ,18076535.4600
del Castillo Innes,sunday   ,20034998.2200
del Castillo Innes,sunday   ,19619873.1300
del Castillo Innes,sunday   ,16351425.9900
del Castillo Innes,sunday   ,27101264.0100
del Castillo Innes,sunday   ,13332276.0300
del Castillo Innes,sunday   ,14303850.9900
del Castillo Innes,sunday   ,13992519.9300
del Castillo Innes,sunday   ,24353339.1300
del Castillo Innes,sunday   ,15510382.3800
del Castillo Innes,sunday   ,17649985.8900
del Castillo Innes,sunday   ,22265948.1600
del Castillo Innes,sunday   ,10363735.4700
Bennet Abraham,monday   ,16509282.7600
Bennet Abraham,monday   ,19687184.0600
Bennet Abraham,monday   ,19671740.0800
Bennet Abraham,monday   ,20349447.3200
Bennet Abraham,monday   ,13644722.4300
Bennet Abraham,monday   ,15203984.4600
Bennet Abraham,monday   ,13428763.3100
Bennet Abraham,monday   ,10012033.4000
Bennet Abraham,monday   ,13485559.0500
Bennet Abraham,monday   ,14425997.1700
Bennet Abraham,monday   ,19081230.5200
Bennet Abraham,monday   ,9932043.0500
Bennet Abraham,monday   ,14293368.1300
Bennet Abraham,monday   ,16384163.1400
Bennet Abraham,monday   ,15735722.4600
Blotchet-Halls Reginald,monday   ,7168700.8000
Blotchet-Halls Reginald,monday   ,5196399.2000
Blotchet-Halls Reginald,monday   ,7530268.0000
Blotchet-Halls Reginald,monday   ,5755058.4000
Blotchet-Halls Reginald,monday   ,5380443.2000
Blotchet-Halls Reginald,monday   ,5372604.8000
Blotchet-Halls Reginald,monday   ,9223236.8000
Blotchet-Halls Reginald,monday   ,5952153.6000
Blotchet-Halls Reginald,monday   ,7578564.8000
Blotchet-Halls Reginald,monday   ,7891832.0000
Blotchet-Halls Reginald,monday   ,7741722.4000
Blotchet-Halls Reginald,monday   ,4977103.2000
Blotchet-Halls Reginald,monday   ,9520827.2000
Blotchet-Halls Reginald,monday   ,5535762.4000
Blotchet-Halls Reginald,monday   ,8353894.4000
Carson Cheryl,monday   ,5389890.9800
Carson Cheryl,monday   ,4910539.7400
Carson Cheryl,monday   ,6333900.0200
Carson Cheryl,monday   ,6205077.9600
Carson Cheryl,monday   ,5315087.2400
Carson Cheryl,monday   ,6044545.5600
Carson Cheryl,monday   ,2551771.8800
Carson Cheryl,monday   ,4146286.3400
Carson Cheryl,monday   ,3670322.9800
Carson Cheryl,monday   ,7613744.8000
Carson Cheryl,monday   ,4407318.3400
Carson Cheryl,monday   ,6205839.2400
Carson Cheryl,monday   ,5936889.5600
Carson Cheryl,monday   ,4424715.8800
Carson Cheryl,monday   ,4821726.3400
DeFrance Michel,monday   ,33312336.7600
DeFrance Michel,monday   ,33563215.0600
DeFrance Michel,monday   ,28143344.5500
DeFrance Michel,monday   ,30410247.3100
DeFrance Michel,monday   ,35118311.1200
DeFrance Michel,monday   ,27148171.6900
DeFrance Michel,monday   ,29515425.7700
DeFrance Michel,monday   ,34307509.6200
DeFrance Michel,monday   ,40864914.3300
DeFrance Michel,monday   ,38697597.2800
DeFrance Michel,monday   ,37327638.1900
DeFrance Michel,monday   ,25893363.9800
DeFrance Michel,monday   ,31028511.8100
DeFrance Michel,monday   ,22213726.5000
DeFrance Michel,monday   ,32040606.8600
Dull Ann,monday   ,2487167.1100
Dull Ann,monday   ,2954301.2500
Dull Ann,monday   ,3271042.4900
Dull Ann,monday   ,2272865.0200
Dull Ann,monday   ,2465335.0900
Dull Ann,monday   ,2322181.4200
Dull Ann,monday   ,2810496.9500
Dull Ann,monday   ,2794084.6200
Dull Ann,monday   ,2251059.4700
Dull Ann,monday   ,3073179.2000
Dull Ann,monday   ,2689772.9900
Dull Ann,monday   ,2168865.4700
Dull Ann,monday   ,2712202.7000
Dull Ann,monday   ,2326924.0100
Dull Ann,monday   ,3057364.5600
Green Marjorie,monday   ,4090526.0500
Green Marjorie,monday   ,8698511.0000
Green Marjorie,monday   ,5913417.8000
Green Marjorie,monday   ,4964446.4500
Green Marjorie,monday   ,4925531.0000
Green Marjorie,monday   ,6826253.6500
Green Marjorie,monday   ,6401745.3000
Green Marjorie,monday   ,5425756.4000
Green Marjorie,monday   ,8197952.5500
Green Marjorie,monday   ,5207831.9500
Green Marjorie,monday   ,8020500.0500
Green Marjorie,monday   ,7173264.1500
Green Marjorie,monday   ,4951882.4500
Green Marjorie,monday   ,8467689.5000
Green Marjorie,monday   ,8274560.0000
Greene Morningstar,monday   ,4975161.5500
Greene Morningstar,monday   ,5322840.5800
Greene Morningstar,monday   ,4072755.1500
Greene Morningstar,monday   ,4132231.3200
Greene Morningstar,monday   ,4546062.3500
Greene Morningstar,monday   ,7024879.2700
Greene Morningstar,monday   ,3133828.4600
Greene Morningstar,monday   ,3690978.5200
Greene Morningstar,monday   ,6364982.6400
Greene Morningstar,monday   ,4313995.1500
Greene Morningstar,monday   ,2823175.6600
Greene Morningstar,monday   ,4449411.1500
Greene Morningstar,monday   ,5105010.1800
Greene Morningstar,monday   ,3929336.9200
Greene Morningstar,monday   ,3496641.8900
Gringlesby Burt,monday   ,8893348.8000
Gringlesby Burt,monday   ,7105494.4000
Gringlesby Burt,monday   ,7904312.0000
Gringlesby Burt,monday   ,6421035.2000
Gringlesby Burt,monday   ,7370839.2000
Gringlesby Burt,monday   ,7296737.6000
Gringlesby Burt,monday   ,9467535.2000
Gringlesby Burt,monday   ,8111965.6000
Gringlesby Burt,monday   ,9219624.8000
Gringlesby Burt,monday   ,5394803.2000
Gringlesby Burt,monday   ,6562936.8000
Gringlesby Burt,monday   ,9049901.6000
Gringlesby Burt,monday   ,8707672.0000
Gringlesby Burt,monday   ,7760651.2000
Gringlesby Burt,monday   ,9162957.6000
Hunter Sheryl,monday   ,11937365.4900
Hunter Sheryl,monday   ,7468907.5200
Hunter Sheryl,monday   ,10916068.1900
Hunter Sheryl,monday   ,9359145.9900
Hunter Sheryl,monday   ,11149296.8600
Hunter Sheryl,monday   ,9964121.0500
Hunter Sheryl,monday   ,10457358.8500
Hunter Sheryl,monday   ,8732949.7200
Hunter Sheryl,monday   ,10293773.5800
Hunter Sheryl,monday   ,9615491.3800
Hunter Sheryl,monday   ,11212849.8500
Hunter Sheryl,monday   ,11731155.2000
Hunter Sheryl,monday   ,10956449.1400
Hunter Sheryl,monday   ,9684896.8600
Hunter Sheryl,monday   ,9821701.6700
Karsen Livia,monday   ,10245074.7100
Karsen Livia,monday   ,8340331.6400
Karsen Livia,monday   ,10475774.0500
Karsen Livia,monday   ,5111410.8400
Karsen Livia,monday   ,5015992.8400
Karsen Livia,monday   ,10245074.7100
Karsen Livia,monday   ,10759483.3900
Karsen Livia,monday   ,8169650.6100
Karsen Livia,monday   ,8981964.3200
Karsen Livia,monday   ,8928954.3200
Karsen Livia,monday   ,9762472.0300
Karsen Livia,monday   ,12139215.7800
Karsen Livia,monday   ,7921340.9600
Karsen Livia,monday   ,8897148.3200
Karsen Livia,monday   ,7392736.5900
Locksley Charlene,monday   ,8144955.7500
Locksley Charlene,monday   ,6548345.0400
Locksley Charlene,monday   ,5268914.6100
Locksley Charlene,monday   ,5946108.7200
Locksley Charlene,monday   ,9729581.2200
Locksley Charlene,monday   ,9104145.2400
Locksley Charlene,monday   ,6596277.6900
Locksley Charlene,monday   ,5128936.1400
Locksley Charlene,monday   ,7367556.0600
Locksley Charlene,monday   ,8572282.4100
Locksley Charlene,monday   ,6782150.3700
Locksley Charlene,monday   ,8306095.4400
Locksley Charlene,monday   ,6601376.7900
Locksley Charlene,monday   ,7851997.3500
Locksley Charlene,monday   ,6501939.7200
MacFeather Stearns,monday   ,1519061.3000
MacFeather Stearns,monday   ,1362307.4700
MacFeather Stearns,monday   ,2528071.0000
MacFeather Stearns,monday   ,2338365.4100
MacFeather Stearns,monday   ,1115653.9400
MacFeather Stearns,monday   ,2109030.1600
MacFeather Stearns,monday   ,2326797.3200
MacFeather Stearns,monday   ,2290807.5800
MacFeather Stearns,monday   ,2233034.8400
MacFeather Stearns,monday   ,3127303.6100
MacFeather Stearns,monday   ,2251524.4900
MacFeather Stearns,monday   ,2399234.7800
MacFeather Stearns,monday   ,2083493.1400
MacFeather Stearns,monday   ,1580570.4600
MacFeather Stearns,monday   ,1513020.5400
McBadden Heather,monday   ,15195961.3000
McBadden Heather,monday   ,18314124.0900
McBadden Heather,monday   ,20906735.2400
McBadden Heather,monday   ,26181677.1500
McBadden Heather,monday   ,19216564.1200
McBadden Heather,monday   ,20404419.0900
McBadden Heather,monday   ,21107242.0300
McBadden Heather,monday   ,22684005.0900
McBadden Heather,monday   ,24681656.1500
McBadden Heather,monday   ,18991189.2100
McBadden Heather,monday   ,15069896.1500
McBadden Heather,monday   ,16826626.0300
McBadden Heather,monday   ,15182089.2100
McBadden Heather,monday   ,19190861.0600
McBadden Heather,monday   ,19061597.1500
O'Leary Michael,monday   ,7014245.0400
O'Leary Michael,monday   ,6977608.2400
O'Leary Michael,monday   ,10493889.9600
O'Leary Michael,monday   ,11336323.5900
O'Leary Michael,monday   ,10457253.1600
O'Leary Michael,monday   ,4459466.5500
O'Leary Michael,monday   ,8744908.3000
O'Leary Michael,monday   ,10438934.7600
O'Leary Michael,monday   ,7939111.4700
O'Leary Michael,monday   ,11290527.5900
O'Leary Michael,monday   ,5347696.1800
O'Leary Michael,monday   ,7911633.8700
O'Leary Michael,monday   ,13891102.0800
O'Leary Michael,monday   ,14761013.3100
O'Leary Michael,monday   ,7032563.4400
Panteley Sylvia,monday   ,3237036.9000
Panteley Sylvia,monday   ,4379731.5000
Panteley Sylvia,monday   ,7074462.5000
Panteley Sylvia,monday   ,7928405.4000
Panteley Sylvia,monday   ,8072050.6000
Panteley Sylvia,monday   ,5845454.2000
Panteley Sylvia,monday   ,6689100.5000
Panteley Sylvia,monday   ,4866520.8000
Panteley Sylvia,monday   ,8247923.3000
Panteley Sylvia,monday   ,8888208.1000
Panteley Sylvia,monday   ,5106776.3000
Panteley Sylvia,monday   ,6799900.9000
Panteley Sylvia,monday   ,6645990.0000
Panteley Sylvia,monday   ,6449353.1000
Panteley Sylvia,monday   ,6168513.2000
Ringer Albert,monday   ,22041143.4300
Ringer Albert,monday   ,39988013.8800
Ringer Albert,monday   ,26993333.4100
Ringer Albert,monday   ,21742840.8600
Ringer Albert,monday   ,31220301.5100
Ringer Albert,monday   ,26778061.4300
Ringer Albert,monday   ,14698449.2100
Ringer Albert,monday   ,28254710.7300
Ringer Albert,monday   ,19939383.1200
Ringer Albert,monday   ,25456685.8300
Ringer Albert,monday   ,29268566.3100
Ringer Albert,monday   ,21975271.5200
Ringer Albert,monday   ,28015437.6300
Ringer Albert,monday   ,26095767.3300
Ringer Albert,monday   ,29910071.6600
Ringer Anne,monday   ,4038575.6000
Ringer Anne,monday   ,3677047.0000
Ringer Anne,monday   ,3879289.2000
Ringer Anne,monday   ,4118218.8000
Ringer Anne,monday   ,4121353.0000
Ringer Anne,monday   ,2907899.8000
Ringer Anne,monday   ,1936510.4000
Ringer Anne,monday   ,4602346.4000
Ringer Anne,monday   ,3958932.4000
Ringer Anne,monday   ,3392027.4000
Ringer Anne,monday   ,4081531.4000
Ringer Anne,monday   ,2864944.0000
Ringer Anne,monday   ,3836333.4000
Ringer Anne,monday   ,3024230.4000
Ringer Anne,monday   ,2947721.4000
Smith Meander,monday   ,3008917.4700
Smith Meander,monday   ,3955133.1900
Smith Meander,monday   ,4049530.3800
Smith Meander,monday   ,3764225.6100
Smith Meander,monday   ,3327431.4600
Smith Meander,monday   ,2317786.1400
Smith Meander,monday   ,5052091.0800
Smith Meander,monday   ,3222213.6000
Smith Meander,monday   ,5102458.3800
Smith Meander,monday   ,3092493.9900
Smith Meander,monday   ,2658688.6800
Smith Meander,monday   ,3616472.2800
Smith Meander,monday   ,3698554.3800
Smith Meander,monday   ,2317038.9300
Smith Meander,monday   ,2977202.6700
Straight Dean,monday   ,11905938.7400
Straight Dean,monday   ,13881006.6000
Straight Dean,monday   ,10529994.0600
Straight Dean,monday   ,11789376.3200
Straight Dean,monday   ,13754796.3000
Straight Dean,monday   ,17417197.9400
Straight Dean,monday   ,11365372.4800
Straight Dean,monday   ,13807973.1600
Straight Dean,monday   ,14515865.6600
Straight Dean,monday   ,12918838.7200
Straight Dean,monday   ,12737556.3600
Straight Dean,monday   ,10419113.2800
Straight Dean,monday   ,15326226.9600
Straight Dean,monday   ,11456382.3400
Straight Dean,monday   ,10724538.2000
Stringer Dirk,monday   ,56193251.4000
Stringer Dirk,monday   ,48013015.0500
Stringer Dirk,monday   ,55968991.6500
Stringer Dirk,monday   ,47511599.8500
Stringer Dirk,monday   ,28472687.1000
Stringer Dirk,monday   ,51139974.6000
Stringer Dirk,monday   ,43909672.9500
Stringer Dirk,monday   ,67051927.8000
Stringer Dirk,monday   ,49688624.7000
Stringer Dirk,monday   ,48962949.7500
Stringer Dirk,monday   ,53066291.8500
Stringer Dirk,monday   ,52340616.9000
Stringer Dirk,monday   ,41481940.5000
Stringer Dirk,monday   ,52340616.9000
Stringer Dirk,monday   ,63199293.3000
White Johnson,monday   ,9958600.9250
White Johnson,monday   ,5077972.4550
White Johnson,monday   ,7753645.2800
White Johnson,monday   ,5120362.2800
White Johnson,monday   ,4546079.1250
White Johnson,monday   ,6093414.8100
White Johnson,monday   ,7521541.1000
White Johnson,monday   ,5324180.0350
White Johnson,monday   ,8465660.5650
White Johnson,monday   ,8032192.4350
White Johnson,monday   ,6627160.6350
White Johnson,monday   ,4847862.8450
White Johnson,monday   ,4928814.1250
White Johnson,monday   ,6304532.8550
White Johnson,monday   ,7958762.3700
del Castillo Innes,monday   ,15160207.4400
del Castillo Innes,monday   ,22771157.5800
del Castillo Innes,monday   ,16339660.4700
del Castillo Innes,monday   ,16247973.0000
del Castillo Innes,monday   ,16716282.7200
del Castillo Innes,monday   ,22978404.6000
del Castillo Innes,monday   ,11386550.8800
del Castillo Innes,monday   ,14394907.4100
del Castillo Innes,monday   ,20878617.0600
del Castillo Innes,monday   ,24093248.5200
del Castillo Innes,monday   ,14938619.6700
del Castillo Innes,monday   ,21642313.9500
del Castillo Innes,monday   ,12217773.1500
del Castillo Innes,monday   ,14654025.9300
del Castillo Innes,monday   ,16573013.7600
Bennet Abraham,tuesday  ,13162307.1600
Bennet Abraham,tuesday  ,20029446.9000
Bennet Abraham,tuesday  ,16603819.1500
Bennet Abraham,tuesday  ,16460956.6300
Bennet Abraham,tuesday  ,14224105.1100
Bennet Abraham,tuesday  ,18199024.1300
Bennet Abraham,tuesday  ,12264088.9500
Bennet Abraham,tuesday  ,23784730.4300
Bennet Abraham,tuesday  ,16131139.0800
Bennet Abraham,tuesday  ,18919714.5900
Bennet Abraham,tuesday  ,16995968.8100
Bennet Abraham,tuesday  ,17427710.6200
Bennet Abraham,tuesday  ,16499639.7300
Bennet Abraham,tuesday  ,16748059.4400
Bennet Abraham,tuesday  ,21607321.2700
Blotchet-Halls Reginald,tuesday  ,7326648.8000
Blotchet-Halls Reginald,tuesday  ,5517501.6000
Blotchet-Halls Reginald,tuesday  ,6187126.4000
Blotchet-Halls Reginald,tuesday  ,5273424.0000
Blotchet-Halls Reginald,tuesday  ,7448030.4000
Blotchet-Halls Reginald,tuesday  ,3934180.8000
Blotchet-Halls Reginald,tuesday  ,6610038.4000
Blotchet-Halls Reginald,tuesday  ,6382907.2000
Blotchet-Halls Reginald,tuesday  ,5148099.2000
Blotchet-Halls Reginald,tuesday  ,8562764.8000
Blotchet-Halls Reginald,tuesday  ,7235258.4000
Blotchet-Halls Reginald,tuesday  ,4051667.2000
Blotchet-Halls Reginald,tuesday  ,5447004.0000
Blotchet-Halls Reginald,tuesday  ,4439330.4000
Blotchet-Halls Reginald,tuesday  ,5734172.0000
Carson Cheryl,tuesday  ,6620247.2400
Carson Cheryl,tuesday  ,3306164.7800
Carson Cheryl,tuesday  ,4615093.3000
Carson Cheryl,tuesday  ,3073455.2400
Carson Cheryl,tuesday  ,1793991.1000
Carson Cheryl,tuesday  ,7460749.4400
Carson Cheryl,tuesday  ,5369105.5600
Carson Cheryl,tuesday  ,5000417.5600
Carson Cheryl,tuesday  ,6023760.1400
Carson Cheryl,tuesday  ,7353093.4400
Carson Cheryl,tuesday  ,5597665.9400
Carson Cheryl,tuesday  ,4817957.8200
Carson Cheryl,tuesday  ,4085111.6200
Carson Cheryl,tuesday  ,5479388.1600
Carson Cheryl,tuesday  ,6309346.0800
DeFrance Michel,tuesday  ,34047874.7700
DeFrance Michel,tuesday  ,22371653.5100
DeFrance Michel,tuesday  ,34165148.2800
DeFrance Michel,tuesday  ,24630390.6300
DeFrance Michel,tuesday  ,26310925.8400
DeFrance Michel,tuesday  ,32801232.7000
DeFrance Michel,tuesday  ,32827677.0500
DeFrance Michel,tuesday  ,24973454.6100
DeFrance Michel,tuesday  ,37309950.3900
DeFrance Michel,tuesday  ,28110091.0800
DeFrance Michel,tuesday  ,36573055.8600
DeFrance Michel,tuesday  ,32985604.0600
DeFrance Michel,tuesday  ,28252452.4200
DeFrance Michel,tuesday  ,31890079.8800
DeFrance Michel,tuesday  ,40170795.4300
Dull Ann,tuesday  ,2399294.2800
Dull Ann,tuesday  ,1674871.1100
Dull Ann,tuesday  ,2536457.0400
Dull Ann,tuesday  ,3259034.2000
Dull Ann,tuesday  ,2168241.3100
Dull Ann,tuesday  ,2810809.0300
Dull Ann,tuesday  ,2672736.5000
Dull Ann,tuesday  ,2859813.3500
Dull Ann,tuesday  ,2189761.2500
Dull Ann,tuesday  ,3013414.9100
Dull Ann,tuesday  ,3085473.1000
Dull Ann,tuesday  ,1520333.3100
Dull Ann,tuesday  ,3193929.6300
Dull Ann,tuesday  ,2255204.3700
Dull Ann,tuesday  ,2458434.4100
Green Marjorie,tuesday  ,6541172.7500
Green Marjorie,tuesday  ,5604765.4000
Green Marjorie,tuesday  ,3910293.6000
Green Marjorie,tuesday  ,6003255.3500
Green Marjorie,tuesday  ,8315365.0000
Green Marjorie,tuesday  ,8467689.5000
Green Marjorie,tuesday  ,10163717.8000
Green Marjorie,tuesday  ,7259988.7000
Green Marjorie,tuesday  ,6285889.3500
Green Marjorie,tuesday  ,9379301.9000
Green Marjorie,tuesday  ,7362947.6000
Green Marjorie,tuesday  ,5631116.8500
Green Marjorie,tuesday  ,4681812.4500
Green Marjorie,tuesday  ,8354280.4500
Green Marjorie,tuesday  ,4527374.1000
Greene Morningstar,tuesday  ,6215751.6100
Greene Morningstar,tuesday  ,3048862.0600
Greene Morningstar,tuesday  ,2879018.8600
Greene Morningstar,tuesday  ,4051661.7200
Greene Morningstar,tuesday  ,6684156.0700
Greene Morningstar,tuesday  ,3253740.4600
Greene Morningstar,tuesday  ,4526580.7500
Greene Morningstar,tuesday  ,4991193.5500
Greene Morningstar,tuesday  ,3888578.5200
Greene Morningstar,tuesday  ,3305851.4900
Greene Morningstar,tuesday  ,4344816.9200
Greene Morningstar,tuesday  ,3212181.0900
Greene Morningstar,tuesday  ,6839482.4700
Greene Morningstar,tuesday  ,5276036.4100
Greene Morningstar,tuesday  ,5219528.5800
Gringlesby Burt,tuesday  ,7710285.6000
Gringlesby Burt,tuesday  ,4559079.2000
Gringlesby Burt,tuesday  ,8408939.2000
Gringlesby Burt,tuesday  ,7601036.8000
Gringlesby Burt,tuesday  ,7651859.2000
Gringlesby Burt,tuesday  ,5813460.8000
Gringlesby Burt,tuesday  ,8046213.6000
Gringlesby Burt,tuesday  ,7731805.6000
Gringlesby Burt,tuesday  ,7396901.6000
Gringlesby Burt,tuesday  ,8081360.8000
Gringlesby Burt,tuesday  ,8633570.4000
Gringlesby Burt,tuesday  ,9109352.0000
Gringlesby Burt,tuesday  ,8372768.0000
Gringlesby Burt,tuesday  ,6699272.0000
Gringlesby Burt,tuesday  ,8638112.8000
Hunter Sheryl,tuesday  ,10567438.5200
Hunter Sheryl,tuesday  ,10068054.9900
Hunter Sheryl,tuesday  ,13627246.1600
Hunter Sheryl,tuesday  ,12068373.1300
Hunter Sheryl,tuesday  ,9723326.9800
Hunter Sheryl,tuesday  ,9914223.8700
Hunter Sheryl,tuesday  ,11998967.6500
Hunter Sheryl,tuesday  ,9214775.7800
Hunter Sheryl,tuesday  ,9025829.7200
Hunter Sheryl,tuesday  ,9388115.2000
Hunter Sheryl,tuesday  ,15351655.2900
Hunter Sheryl,tuesday  ,9891107.1500
Hunter Sheryl,tuesday  ,9014124.7400
Hunter Sheryl,tuesday  ,11991164.3300
Hunter Sheryl,tuesday  ,11910347.1100
Karsen Livia,tuesday  ,12086205.7800
Karsen Livia,tuesday  ,9947169.6800
Karsen Livia,tuesday  ,6342715.2300
Karsen Livia,tuesday  ,12118011.7800
Karsen Livia,tuesday  ,10518182.0500
Karsen Livia,tuesday  ,673438.6800
Karsen Livia,tuesday  ,9212663.6600
Karsen Livia,tuesday  ,11866108.4400
Karsen Livia,tuesday  ,6175627.8900
Karsen Livia,tuesday  ,10266278.7100
Karsen Livia,tuesday  ,14672444.8700
Karsen Livia,tuesday  ,17311693.9600
Karsen Livia,tuesday  ,2671055.0900
Karsen Livia,tuesday  ,8950158.3200
Karsen Livia,tuesday  ,12884323.8000
Locksley Charlene,tuesday  ,5854831.4100
Locksley Charlene,tuesday  ,8382837.9600
Locksley Charlene,tuesday  ,8260201.2300
Locksley Charlene,tuesday  ,6598827.2400
Locksley Charlene,tuesday  ,6364510.8000
Locksley Charlene,tuesday  ,6168439.9200
Locksley Charlene,tuesday  ,6309440.6100
Locksley Charlene,tuesday  ,7370616.7200
Locksley Charlene,tuesday  ,7424670.6900
Locksley Charlene,tuesday  ,5795678.3400
Locksley Charlene,tuesday  ,7580711.2800
Locksley Charlene,tuesday  ,6575116.4700
Locksley Charlene,tuesday  ,8298446.7900
Locksley Charlene,tuesday  ,5290586.9400
Locksley Charlene,tuesday  ,6144729.1500
MacFeather Stearns,tuesday  ,1647976.4200
MacFeather Stearns,tuesday  ,3212664.9900
MacFeather Stearns,tuesday  ,2485934.3900
MacFeather Stearns,tuesday  ,2008751.3400
MacFeather Stearns,tuesday  ,2545533.2400
MacFeather Stearns,tuesday  ,2128177.2000
MacFeather Stearns,tuesday  ,1493524.2800
MacFeather Stearns,tuesday  ,2171032.5000
MacFeather Stearns,tuesday  ,1589341.0300
MacFeather Stearns,tuesday  ,1721420.4900
MacFeather Stearns,tuesday  ,2121787.2200
MacFeather Stearns,tuesday  ,1389036.1100
MacFeather Stearns,tuesday  ,1965385.2600
MacFeather Stearns,tuesday  ,2241089.3700
MacFeather Stearns,tuesday  ,2334851.8500
McBadden Heather,tuesday  ,20339486.1500
McBadden Heather,tuesday  ,11631014.1500
McBadden Heather,tuesday  ,17175981.0900
McBadden Heather,tuesday  ,17828101.1200
McBadden Heather,tuesday  ,16833797.0600
McBadden Heather,tuesday  ,24765369.1800
McBadden Heather,tuesday  ,18141873.1800
McBadden Heather,tuesday  ,13461164.2400
McBadden Heather,tuesday  ,20795300.1500
McBadden Heather,tuesday  ,16687060.2100
McBadden Heather,tuesday  ,16940034.0900
McBadden Heather,tuesday  ,22587382.3000
McBadden Heather,tuesday  ,13369111.2100
McBadden Heather,tuesday  ,14947836.1800
McBadden Heather,tuesday  ,22387908.0000
O'Leary Michael,tuesday  ,7847519.4700
O'Leary Michael,tuesday  ,7893315.4700
O'Leary Michael,tuesday  ,6135174.6100
O'Leary Michael,tuesday  ,17361587.8000
O'Leary Michael,tuesday  ,9651456.3300
O'Leary Michael,tuesday  ,7014245.0400
O'Leary Michael,tuesday  ,7920793.0700
O'Leary Michael,tuesday  ,11308845.9900
O'Leary Michael,tuesday  ,8772385.9000
O'Leary Michael,tuesday  ,12197075.6200
O'Leary Michael,tuesday  ,6135174.6100
O'Leary Michael,tuesday  ,7957429.8700
O'Leary Michael,tuesday  ,4441148.1500
O'Leary Michael,tuesday  ,5283581.7800
O'Leary Michael,tuesday  ,5338536.9800
Panteley Sylvia,tuesday  ,7523943.6000
Panteley Sylvia,tuesday  ,6008738.2000
Panteley Sylvia,tuesday  ,4543939.0000
Panteley Sylvia,tuesday  ,7036677.1000
Panteley Sylvia,tuesday  ,6824418.5000
Panteley Sylvia,tuesday  ,7478925.5000
Panteley Sylvia,tuesday  ,6591629.7000
Panteley Sylvia,tuesday  ,7301419.3000
Panteley Sylvia,tuesday  ,7705850.2000
Panteley Sylvia,tuesday  ,7498056.2000
Panteley Sylvia,tuesday  ,6569433.9000
Panteley Sylvia,tuesday  ,5918946.4000
Panteley Sylvia,tuesday  ,3898298.2000
Panteley Sylvia,tuesday  ,7955447.9000
Panteley Sylvia,tuesday  ,6434177.7000
Ringer Albert,tuesday  ,29840766.2400
Ringer Albert,tuesday  ,34051169.1600
Ringer Albert,tuesday  ,37916239.8000
Ringer Albert,tuesday  ,34321735.2500
Ringer Albert,tuesday  ,30043969.5400
Ringer Albert,tuesday  ,33919124.9400
Ringer Albert,tuesday  ,30275814.7100
Ringer Albert,tuesday  ,20062424.8500
Ringer Albert,tuesday  ,21643202.7300
Ringer Albert,tuesday  ,19590167.4100
Ringer Albert,tuesday  ,32908629.4500
Ringer Albert,tuesday  ,27775417.9800
Ringer Albert,tuesday  ,16727383.7000
Ringer Albert,tuesday  ,26227025.3700
Ringer Albert,tuesday  ,23718634.0300
Ringer Anne,tuesday  ,4363416.8000
Ringer Anne,tuesday  ,3833199.2000
Ringer Anne,tuesday  ,2947721.4000
Ringer Anne,tuesday  ,2055975.2000
Ringer Anne,tuesday  ,4200996.2000
Ringer Anne,tuesday  ,4038575.6000
Ringer Anne,tuesday  ,5129429.8000
Ringer Anne,tuesday  ,3995619.8000
Ringer Anne,tuesday  ,4118218.8000
Ringer Anne,tuesday  ,3548179.6000
Ringer Anne,tuesday  ,3548179.6000
Ringer Anne,tuesday  ,4562524.8000
Ringer Anne,tuesday  ,3309250.0000
Ringer Anne,tuesday  ,2901631.4000
Ringer Anne,tuesday  ,2864944.0000
Smith Meander,tuesday  ,3615725.0700
Smith Meander,tuesday  ,3659007.7500
Smith Meander,tuesday  ,4359465.3300
Smith Meander,tuesday  ,3348325.5900
Smith Meander,tuesday  ,3689228.1300
Smith Meander,tuesday  ,6837191.4600
Smith Meander,tuesday  ,4391927.3400
Smith Meander,tuesday  ,3720195.7200
Smith Meander,tuesday  ,4721262.0000
Smith Meander,tuesday  ,4752229.5900
Smith Meander,tuesday  ,3935733.4800
Smith Meander,tuesday  ,4475503.8600
Smith Meander,tuesday  ,3988342.4100
Smith Meander,tuesday  ,5072238.0000
Smith Meander,tuesday  ,3347578.3800
Straight Dean,tuesday  ,14882539.7800
Straight Dean,tuesday  ,13445558.8600
Straight Dean,tuesday  ,10576319.6600
Straight Dean,tuesday  ,12845185.9200
Straight Dean,tuesday  ,14244740.2400
Straight Dean,tuesday  ,12359677.1600
Straight Dean,tuesday  ,10795596.0400
Straight Dean,tuesday  ,9466457.4200
Straight Dean,tuesday  ,11168130.4200
Straight Dean,tuesday  ,12589649.2600
Straight Dean,tuesday  ,13190554.6000
Straight Dean,tuesday  ,11292149.1200
Straight Dean,tuesday  ,10092405.9600
Straight Dean,tuesday  ,13915225.0000
Straight Dean,tuesday  ,12594902.1600
Stringer Dirk,tuesday  ,64874902.9500
Stringer Dirk,tuesday  ,45835990.2000
Stringer Dirk,tuesday  ,43658965.3500
Stringer Dirk,tuesday  ,44635347.9000
Stringer Dirk,tuesday  ,46561665.1500
Stringer Dirk,tuesday  ,47511599.8500
Stringer Dirk,tuesday  ,66801220.2000
Stringer Dirk,tuesday  ,54992609.1000
Stringer Dirk,tuesday  ,55494024.3000
Stringer Dirk,tuesday  ,41006973.1500
Stringer Dirk,tuesday  ,54293382.0000
Stringer Dirk,tuesday  ,46561665.1500
Stringer Dirk,tuesday  ,44635347.9000
Stringer Dirk,tuesday  ,40532005.8000
Stringer Dirk,tuesday  ,37154338.6500
White Johnson,tuesday  ,5756965.2800
White Johnson,tuesday  ,5416301.0800
White Johnson,tuesday  ,6533303.8900
White Johnson,tuesday  ,4170996.6400
White Johnson,tuesday  ,5535399.0500
White Johnson,tuesday  ,4752982.0700
White Johnson,tuesday  ,6829113.2550
White Johnson,tuesday  ,7378500.3800
White Johnson,tuesday  ,6124507.4400
White Johnson,tuesday  ,8563104.0200
White Johnson,tuesday  ,8834682.6900
White Johnson,tuesday  ,7411751.3800
White Johnson,tuesday  ,7406556.4000
White Johnson,tuesday  ,7596476.1700
White Johnson,tuesday  ,7964950.3000
del Castillo Innes,tuesday  ,21240557.5200
del Castillo Innes,tuesday  ,16082145.0900
del Castillo Innes,tuesday  ,18350335.7700
del Castillo Innes,tuesday  ,19645979.4000
del Castillo Innes,tuesday  ,19841460.9000
del Castillo Innes,tuesday  ,19504654.6200
del Castillo Innes,tuesday  ,16404610.6200
del Castillo Innes,tuesday  ,23368395.5100
del Castillo Innes,tuesday  ,18102641.7300
del Castillo Innes,tuesday  ,17247257.3700
del Castillo Innes,tuesday  ,23145835.6500
del Castillo Innes,tuesday  ,14756847.8700
del Castillo Innes,tuesday  ,15548254.1700
del Castillo Innes,tuesday  ,26697904.4400
del Castillo Innes,tuesday  ,15536488.6500
Bennet Abraham,wednesday,17259606.2800
Bennet Abraham,wednesday,17103206.9500
Bennet Abraham,wednesday,15830734.4900
Bennet Abraham,wednesday,20344916.9900
Bennet Abraham,wednesday,13280201.8700
Bennet Abraham,wednesday,14631787.4100
Bennet Abraham,wednesday,17560172.2200
Bennet Abraham,wednesday,13792675.3400
Bennet Abraham,wednesday,14253544.3600
Bennet Abraham,wednesday,14507824.4600
Bennet Abraham,wednesday,22683225.3000
Bennet Abraham,wednesday,12599948.3900
Bennet Abraham,wednesday,9907272.6800
Bennet Abraham,wednesday,11087698.5600
Blotchet-Halls Reginald,wednesday,5748534.4000
Blotchet-Halls Reginald,wednesday,3973328.0000
Blotchet-Halls Reginald,wednesday,4308796.0000
Blotchet-Halls Reginald,wednesday,5927368.8000
Blotchet-Halls Reginald,wednesday,4936641.6000
Blotchet-Halls Reginald,wednesday,6847595.2000
Blotchet-Halls Reginald,wednesday,7270510.4000
Blotchet-Halls Reginald,wednesday,5251223.2000
Blotchet-Halls Reginald,wednesday,6309822.4000
Blotchet-Halls Reginald,wednesday,5722435.2000
Blotchet-Halls Reginald,wednesday,5166360.0000
Blotchet-Halls Reginald,wednesday,5714596.8000
Blotchet-Halls Reginald,wednesday,5726333.6000
Blotchet-Halls Reginald,wednesday,7645125.6000
Carson Cheryl,wednesday,4897291.3600
Carson Cheryl,wednesday,3799906.3200
Carson Cheryl,wednesday,5654691.5000
Carson Cheryl,wednesday,5136776.6600
Carson Cheryl,wednesday,4503668.7800
Carson Cheryl,wednesday,5845068.9200
Carson Cheryl,wednesday,4950929.0400
Carson Cheryl,wednesday,4374846.7200
Carson Cheryl,wednesday,4635117.4400
Carson Cheryl,wednesday,4735997.6800
Carson Cheryl,wednesday,3141102.5800
Carson Cheryl,wednesday,6512971.8800
Carson Cheryl,wednesday,4821345.7000
Carson Cheryl,wednesday,3720192.1400
DeFrance Michel,wednesday,35905381.3100
DeFrance Michel,wednesday,34507446.6500
DeFrance Michel,wednesday,31881323.3300
DeFrance Michel,wednesday,33420853.7200
DeFrance Michel,wednesday,32952350.5900
DeFrance Michel,wednesday,22263136.5500
DeFrance Michel,wednesday,28470077.2500
DeFrance Michel,wednesday,39985658.4600
DeFrance Michel,wednesday,35720244.3400
DeFrance Michel,wednesday,32182968.2000
DeFrance Michel,wednesday,17948312.3800
DeFrance Michel,wednesday,32442603.0500
DeFrance Michel,wednesday,26755697.6600
DeFrance Michel,wednesday,34767847.1100
Dull Ann,wednesday,2607578.9900
Dull Ann,wednesday,2346145.0600
Dull Ann,wednesday,3265051.5800
Dull Ann,wednesday,3347219.1100
Dull Ann,wednesday,2102512.5800
Dull Ann,wednesday,2305118.4600
Dull Ann,wednesday,2635401.9200
Dull Ann,wednesday,2454601.5900
Dull Ann,wednesday,1839830.3300
Dull Ann,wednesday,2092064.6900
Dull Ann,wednesday,2506814.5700
Dull Ann,wednesday,2695763.9000
Dull Ann,wednesday,2717257.3700
Dull Ann,wednesday,2673646.2700
Green Marjorie,wednesday,6787005.1500
Green Marjorie,wednesday,7723745.5500
Green Marjorie,wednesday,7273776.1500
Green Marjorie,wednesday,5708057.3500
Green Marjorie,wednesday,6914867.7500
Green Marjorie,wednesday,9290687.8000
Green Marjorie,wednesday,6093983.3000
Green Marjorie,wednesday,9713082.3000
Green Marjorie,wednesday,6555293.2500
Green Marjorie,wednesday,5914083.9000
Green Marjorie,wednesday,6272659.2500
Green Marjorie,wednesday,5516484.3500
Green Marjorie,wednesday,4977343.5000
Green Marjorie,wednesday,6208282.7500
Greene Morningstar,wednesday,5013653.3800
Greene Morningstar,wednesday,4008391.3200
Greene Morningstar,wednesday,3889193.5500
Greene Morningstar,wednesday,6022548.4100
Greene Morningstar,wednesday,5342272.5800
Greene Morningstar,wednesday,2808792.6300
Greene Morningstar,wednesday,3538816.2900
Greene Morningstar,wednesday,3384856.2900
Greene Morningstar,wednesday,8726917.9600
Greene Morningstar,wednesday,6036167.6100
Greene Morningstar,wednesday,3280128.2900
Greene Morningstar,wednesday,5920134.0100
Greene Morningstar,wednesday,4797940.7500
Greene Morningstar,wednesday,2068991.0300
Gringlesby Burt,wednesday,9541358.4000
Gringlesby Burt,wednesday,8095555.2000
Gringlesby Burt,wednesday,9106568.8000
Gringlesby Burt,wednesday,10466402.4000
Gringlesby Burt,wednesday,10497285.6000
Gringlesby Burt,wednesday,8026452.8000
Gringlesby Burt,wednesday,8107423.2000
Gringlesby Burt,wednesday,5662931.2000
Gringlesby Burt,wednesday,6346933.6000
Gringlesby Burt,wednesday,6598084.0000
Gringlesby Burt,wednesday,9660259.2000
Gringlesby Burt,wednesday,8084144.0000
Gringlesby Burt,wednesday,9806981.6000
Gringlesby Burt,wednesday,9047118.4000
Hunter Sheryl,wednesday,9590423.8300
Hunter Sheryl,wednesday,9322611.3800
Hunter Sheryl,wednesday,7642246.9400
Hunter Sheryl,wednesday,11735056.8600
Hunter Sheryl,wednesday,11937365.4900
Hunter Sheryl,wednesday,11143444.3700
Hunter Sheryl,wednesday,9969973.5400
Hunter Sheryl,wednesday,8351449.1800
Hunter Sheryl,wednesday,7170175.0300
Hunter Sheryl,wednesday,8996860.5100
Hunter Sheryl,wednesday,12104852.4200
Hunter Sheryl,wednesday,11532748.2300
Hunter Sheryl,wednesday,10392148.2700
Hunter Sheryl,wednesday,10401609.1800
Karsen Livia,wednesday,4565196.1600
Karsen Livia,wednesday,11624807.1000
Karsen Livia,wednesday,9971967.3700
Karsen Livia,wednesday,14356929.5300
Karsen Livia,wednesday,14179240.1900
Karsen Livia,wednesday,15935555.2600
Karsen Livia,wednesday,11897914.4400
Karsen Livia,wednesday,9297479.6600
Karsen Livia,wednesday,4628808.1600
Karsen Livia,wednesday,16198060.6000
Karsen Livia,wednesday,14388735.5300
Karsen Livia,wednesday,10255676.7100
Karsen Livia,wednesday,12767701.8000
Karsen Livia,wednesday,6594618.5700
Locksley Charlene,wednesday,8169177.6300
Locksley Charlene,wednesday,8488907.4600
Locksley Charlene,wednesday,7792333.1700
Locksley Charlene,wednesday,7106468.1900
Locksley Charlene,wednesday,7792844.2800
Locksley Charlene,wednesday,6434626.8900
Locksley Charlene,wednesday,8459075.3700
Locksley Charlene,wednesday,6064414.8600
Locksley Charlene,wednesday,6174561.2400
Locksley Charlene,wednesday,8894561.7900
Locksley Charlene,wednesday,7232676.6900
Locksley Charlene,wednesday,9270384.0300
Locksley Charlene,wednesday,7104429.7500
Locksley Charlene,wednesday,7746950.0700
MacFeather Stearns,wednesday,2243120.7400
MacFeather Stearns,wednesday,1883924.5100
MacFeather Stearns,wednesday,2062312.0800
MacFeather Stearns,wednesday,1437911.9200
MacFeather Stearns,wednesday,2439585.7800
MacFeather Stearns,wednesday,2147529.5000
MacFeather Stearns,wednesday,1091103.2800
MacFeather Stearns,wednesday,2391676.0800
MacFeather Stearns,wednesday,1773296.4300
MacFeather Stearns,wednesday,2122999.0900
MacFeather Stearns,wednesday,1648672.2100
MacFeather Stearns,wednesday,926790.7500
MacFeather Stearns,wednesday,1209909.6000
MacFeather Stearns,wednesday,1575022.8800
McBadden Heather,wednesday,15713318.2400
McBadden Heather,wednesday,20993289.0900
McBadden Heather,wednesday,15305197.2100
McBadden Heather,wednesday,10585961.1500
McBadden Heather,wednesday,26011432.1200
McBadden Heather,wednesday,19791127.0300
McBadden Heather,wednesday,21342600.1800
McBadden Heather,wednesday,14830291.2100
McBadden Heather,wednesday,23924371.3000
McBadden Heather,wednesday,17306539.1200
McBadden Heather,wednesday,18924861.0900
McBadden Heather,wednesday,19474457.0600
McBadden Heather,wednesday,12905836.1200
McBadden Heather,wednesday,12370391.2400
O'Leary Michael,wednesday,9550705.1300
O'Leary Michael,wednesday,12206234.8200
O'Leary Michael,wednesday,7920793.0700
O'Leary Michael,wednesday,9614819.5300
O'Leary Michael,wednesday,9651456.3300
O'Leary Michael,wednesday,8754067.5000
O'Leary Michael,wednesday,9587341.9300
O'Leary Michael,wednesday,7884156.2700
O'Leary Michael,wednesday,11345482.7900
O'Leary Michael,wednesday,9614819.5300
O'Leary Michael,wednesday,7032563.4400
O'Leary Michael,wednesday,10420616.3600
O'Leary Michael,wednesday,10466412.3600
O'Leary Michael,wednesday,10475571.5600
Panteley Sylvia,wednesday,4939058.6000
Panteley Sylvia,wednesday,6178301.7000
Panteley Sylvia,wednesday,8443191.6000
Panteley Sylvia,wednesday,5078747.3000
Panteley Sylvia,wednesday,4880710.9000
Panteley Sylvia,wednesday,6119984.9000
Panteley Sylvia,wednesday,4871876.8000
Panteley Sylvia,wednesday,9033760.9000
Panteley Sylvia,wednesday,7619568.6000
Panteley Sylvia,wednesday,6625906.1000
Panteley Sylvia,wednesday,7224449.0000
Panteley Sylvia,wednesday,5122396.8000
Panteley Sylvia,wednesday,3512491.1000
Panteley Sylvia,wednesday,6225906.5000
Ringer Albert,wednesday,32223207.4900
Ringer Albert,wednesday,30534328.6300
Ringer Albert,wednesday,38469653.6200
Ringer Albert,wednesday,22902820.5900
Ringer Albert,wednesday,34870028.7700
Ringer Albert,wednesday,26581537.7500
Ringer Albert,wednesday,28422550.9400
Ringer Albert,wednesday,32101947.2700
Ringer Albert,wednesday,30008010.9400
Ringer Albert,wednesday,24858998.1500
Ringer Albert,wednesday,28261260.5500
Ringer Albert,wednesday,18314662.0400
Ringer Albert,wednesday,22133358.8900
Ringer Albert,wednesday,34036059.5300
Ringer Anne,wednesday,2861809.8000
Ringer Anne,wednesday,3839467.6000
Ringer Anne,wednesday,2016153.6000
Ringer Anne,wednesday,2907899.8000
Ringer Anne,wednesday,2907899.8000
Ringer Anne,wednesday,3511492.2000
Ringer Anne,wednesday,2622880.2000
Ringer Anne,wednesday,3149963.6000
Ringer Anne,wednesday,3146829.4000
Ringer Anne,wednesday,5291850.4000
Ringer Anne,wednesday,4764767.0000
Ringer Anne,wednesday,2423772.2000
Ringer Anne,wednesday,4078397.2000
Ringer Anne,wednesday,2583058.6000
Smith Meander,wednesday,4029383.4600
Smith Meander,wednesday,2668014.9300
Smith Meander,wednesday,3965953.8600
Smith Meander,wednesday,5083058.6700
Smith Meander,wednesday,3784372.5300
Smith Meander,wednesday,3976774.5300
Smith Meander,wednesday,2531829.4800
Smith Meander,wednesday,2690403.4800
Smith Meander,wednesday,4264320.9300
Smith Meander,wednesday,2616153.2100
Smith Meander,wednesday,3308031.7500
Smith Meander,wednesday,3997668.6600
Smith Meander,wednesday,4082739.6000
Smith Meander,wednesday,2657194.2600
Straight Dean,wednesday,9285846.3600
Straight Dean,wednesday,15346593.3800
Straight Dean,wednesday,7350777.0200
Straight Dean,wednesday,16759017.6400
Straight Dean,wednesday,8449943.5400
Straight Dean,wednesday,14720857.8000
Straight Dean,wednesday,9461619.1400
Straight Dean,wednesday,14399904.7400
Straight Dean,wednesday,10345486.3400
Straight Dean,wednesday,12804439.0000
Straight Dean,wednesday,11774409.4800
Straight Dean,wednesday,12855372.0600
Straight Dean,wednesday,11795369.4000
Straight Dean,wednesday,12743215.6600
Stringer Dirk,wednesday,61272976.0500
Stringer Dirk,wednesday,45585282.6000
Stringer Dirk,wednesday,48237274.8000
Stringer Dirk,wednesday,47762307.4500
Stringer Dirk,wednesday,58845243.6000
Stringer Dirk,wednesday,53567707.0500
Stringer Dirk,wednesday,39555623.2500
Stringer Dirk,wednesday,29673329.4000
Stringer Dirk,wednesday,30649711.9500
Stringer Dirk,wednesday,31850354.2500
Stringer Dirk,wednesday,41006973.1500
Stringer Dirk,wednesday,45835990.2000
Stringer Dirk,wednesday,78385571.5500
Stringer Dirk,wednesday,30148296.7500
White Johnson,wednesday,5890855.9700
White Johnson,wednesday,4998943.5600
White Johnson,wednesday,3949366.8150
White Johnson,wednesday,6699004.1700
White Johnson,wednesday,5035918.9150
White Johnson,wednesday,5599162.1700
White Johnson,wednesday,6404159.7200
White Johnson,wednesday,5735002.1350
White Johnson,wednesday,4354487.2500
White Johnson,wednesday,7627867.9500
White Johnson,wednesday,8920670.3000
White Johnson,wednesday,8111713.5100
White Johnson,wednesday,7637780.2350
White Johnson,wednesday,8071635.8450
del Castillo Innes,wednesday,19373151.1800
del Castillo Innes,wednesday,15199051.3200
del Castillo Innes,wednesday,12993866.6100
del Castillo Innes,wednesday,11659379.1000
del Castillo Innes,wednesday,24652273.6200
del Castillo Innes,wednesday,13162269.7500
del Castillo Innes,wednesday,20255613.9000
del Castillo Innes,wednesday,17234860.8000
del Castillo Innes,wednesday,19400229.5400
del Castillo Innes,wednesday,25155538.8600
del Castillo Innes,wednesday,18311491.8900
del Castillo Innes,wednesday,17338313.7900
del Castillo Innes,wednesday,18687142.0500
del Castillo Innes,wednesday,12306885.3900
Bennet Abraham,thursday ,18915088.4700
Bennet Abraham,thursday ,18319610.8000
Bennet Abraham,thursday ,13661615.0000
Bennet Abraham,thursday ,12840579.5800
Bennet Abraham,thursday ,19373427.5200
Bennet Abraham,thursday ,13635252.4300
Bennet Abraham,thursday ,10042842.8700
Bennet Abraham,thursday ,16903727.3100
Bennet Abraham,thursday ,14570029.7400
Bennet Abraham,thursday ,18885140.2800
Bennet Abraham,thursday ,19367494.2400
Bennet Abraham,thursday ,18782684.4300
Bennet Abraham,thursday ,15909813.7300
Bennet Abraham,thursday ,14926614.1000
Blotchet-Halls Reginald,thursday ,8852520.0000
Blotchet-Halls Reginald,thursday ,6232797.6000
Blotchet-Halls Reginald,thursday ,6016130.4000
Blotchet-Halls Reginald,thursday ,6254995.2000
Blotchet-Halls Reginald,thursday ,6068325.6000
Blotchet-Halls Reginald,thursday ,6512127.2000
Blotchet-Halls Reginald,thursday ,7018591.2000
Blotchet-Halls Reginald,thursday ,5441791.2000
Blotchet-Halls Reginald,thursday ,5406542.4000
Blotchet-Halls Reginald,thursday ,5775944.8000
Blotchet-Halls Reginald,thursday ,7138658.4000
Blotchet-Halls Reginald,thursday ,7569412.0000
Blotchet-Halls Reginald,thursday ,5995240.8000
Blotchet-Halls Reginald,thursday ,5688500.8000
Carson Cheryl,thursday ,3648395.6400
Carson Cheryl,thursday ,4971333.8200
Carson Cheryl,thursday ,4267190.7200
Carson Cheryl,thursday ,4241875.5000
Carson Cheryl,thursday ,5472612.4000
Carson Cheryl,thursday ,5128858.9800
Carson Cheryl,thursday ,6044164.9200
Carson Cheryl,thursday ,6251559.2400
Carson Cheryl,thursday ,3823698.9800
Carson Cheryl,thursday ,6201309.4400
Carson Cheryl,thursday ,6898296.1400
Carson Cheryl,thursday ,4921845.3000
Carson Cheryl,thursday ,4009927.2400
Carson Cheryl,thursday ,4849668.1600
DeFrance Michel,thursday ,40847992.1400
DeFrance Michel,thursday ,28375769.4400
DeFrance Michel,thursday ,36733105.0000
DeFrance Michel,thursday ,28920892.5800
DeFrance Michel,thursday ,36165016.1600
DeFrance Michel,thursday ,35059969.8200
DeFrance Michel,thursday ,39417569.6200
DeFrance Michel,thursday ,34950861.9500
DeFrance Michel,thursday ,33094121.0200
DeFrance Michel,thursday ,37995312.7400
DeFrance Michel,thursday ,32275153.8800
DeFrance Michel,thursday ,35428121.6300
DeFrance Michel,thursday ,32785667.0300
DeFrance Michel,thursday ,29105263.9400
Dull Ann,thursday ,2793772.5400
Dull Ann,thursday ,2832614.5800
Dull Ann,thursday ,2486855.0300
Dull Ann,thursday ,2624017.7900
Dull Ann,thursday ,2014951.8300
Dull Ann,thursday ,2803908.3500
Dull Ann,thursday ,3144613.2300
Dull Ann,thursday ,2234620.6700
Dull Ann,thursday ,2782102.8000
Dull Ann,thursday ,2437538.6300
Dull Ann,thursday ,3221726.0900
Dull Ann,thursday ,1658432.3100
Dull Ann,thursday ,3045694.8200
Dull Ann,thursday ,2546592.8500
Green Marjorie,thursday ,5785330.9000
Green Marjorie,thursday ,6003255.3500
Green Marjorie,thursday ,5899630.3500
Green Marjorie,thursday ,5526268.4000
Green Marjorie,thursday ,5773657.3000
Green Marjorie,thursday ,5735074.9000
Green Marjorie,thursday ,6156803.3000
Green Marjorie,thursday ,8083320.0500
Green Marjorie,thursday ,6310684.3000
Green Marjorie,thursday ,6298120.3000
Green Marjorie,thursday ,7173597.2000
Green Marjorie,thursday ,8916435.4500
Green Marjorie,thursday ,6349266.7000
Green Marjorie,thursday ,6193271.8500
Greene Morningstar,thursday ,6726898.4700
Greene Morningstar,thursday ,5171491.7800
Greene Morningstar,thursday ,3608747.4900
Greene Morningstar,thursday ,3832120.2900
Greene Morningstar,thursday ,6650676.0700
Greene Morningstar,thursday ,5483560.5800
Greene Morningstar,thursday ,4641148.7500
Greene Morningstar,thursday ,2387217.2600
Greene Morningstar,thursday ,4578076.7500
Greene Morningstar,thursday ,3019260.4600
Greene Morningstar,thursday ,3607996.1200
Greene Morningstar,thursday ,3684969.8900
Greene Morningstar,thursday ,4717371.1500
Greene Morningstar,thursday ,3297526.6900
Gringlesby Burt,thursday ,6481966.4000
Gringlesby Burt,thursday ,6634255.2000
Gringlesby Burt,thursday ,9006404.8000
Gringlesby Burt,thursday ,7312691.2000
Gringlesby Burt,thursday ,8021453.6000
Gringlesby Burt,thursday ,6500703.2000
Gringlesby Burt,thursday ,5928276.0000
Gringlesby Burt,thursday ,9044335.2000
Gringlesby Burt,thursday ,6770590.4000
Gringlesby Burt,thursday ,8767122.4000
Gringlesby Burt,thursday ,6276072.0000
Gringlesby Burt,thursday ,8143594.4000
Gringlesby Burt,thursday ,6495136.8000
Gringlesby Burt,thursday ,7868140.8000
Hunter Sheryl,thursday ,15700522.8800
Hunter Sheryl,thursday ,11239868.2300
Hunter Sheryl,thursday ,10471014.6600
Hunter Sheryl,thursday ,11234015.7400
Hunter Sheryl,thursday ,7948782.7500
Hunter Sheryl,thursday ,8908239.9700
Hunter Sheryl,thursday ,5910034.4900
Hunter Sheryl,thursday ,11937365.4900
Hunter Sheryl,thursday ,9922027.1900
Hunter Sheryl,thursday ,10268706.0300
Hunter Sheryl,thursday ,11704136.8200
Hunter Sheryl,thursday ,11050922.1700
Hunter Sheryl,thursday ,12135772.4600
Hunter Sheryl,thursday ,10002844.4100
Karsen Livia,thursday ,8236856.3000
Karsen Livia,thursday ,17787288.3300
Karsen Livia,thursday ,17272879.6500
Karsen Livia,thursday ,8751264.9800
Karsen Livia,thursday ,12096807.7800
Karsen Livia,thursday ,12841915.8000
Karsen Livia,thursday ,10454570.0500
Karsen Livia,thursday ,20682034.4500
Karsen Livia,thursday ,17248081.9600
Karsen Livia,thursday ,7417534.2800
Karsen Livia,thursday ,11242086.0700
Karsen Livia,thursday ,10234472.7100
Karsen Livia,thursday ,6349723.5400
Karsen Livia,thursday ,8205050.3000
Locksley Charlene,thursday ,8146994.1900
Locksley Charlene,thursday ,6808410.6900
Locksley Charlene,thursday ,6251814.8700
Locksley Charlene,thursday ,9262224.2700
Locksley Charlene,thursday ,6066453.3000
Locksley Charlene,thursday ,6174561.2400
Locksley Charlene,thursday ,7078169.4300
Locksley Charlene,thursday ,6978221.2500
Locksley Charlene,thursday ,7477702.4400
Locksley Charlene,thursday ,6193172.9100
Locksley Charlene,thursday ,7612581.8100
Locksley Charlene,thursday ,7803042.4800
Locksley Charlene,thursday ,7953983.9700
Locksley Charlene,thursday ,8274224.9100
MacFeather Stearns,thursday ,1952769.5100
MacFeather Stearns,thursday ,1501965.8800
MacFeather Stearns,thursday ,1070764.6200
MacFeather Stearns,thursday ,1632196.3300
MacFeather Stearns,thursday ,1772104.8100
MacFeather Stearns,thursday ,2362422.8900
MacFeather Stearns,thursday ,2198950.1100
MacFeather Stearns,thursday ,1209563.0300
MacFeather Stearns,thursday ,1478363.7300
MacFeather Stearns,thursday ,1522797.7200
MacFeather Stearns,thursday ,1920166.9700
MacFeather Stearns,thursday ,1495209.0800
MacFeather Stearns,thursday ,900904.5100
MacFeather Stearns,thursday ,1567317.5700
McBadden Heather,thursday ,17671717.1200
McBadden Heather,thursday ,18692829.0900
McBadden Heather,thursday ,25799861.1500
McBadden Heather,thursday ,22341241.2100
McBadden Heather,thursday ,10899019.2100
McBadden Heather,thursday ,16101490.2100
McBadden Heather,thursday ,28879130.1500
McBadden Heather,thursday ,18237549.1800
McBadden Heather,thursday ,12494615.1500
McBadden Heather,thursday ,26118673.2100
McBadden Heather,thursday ,28621316.1500
McBadden Heather,thursday ,22995826.3000
McBadden Heather,thursday ,18347044.2100
McBadden Heather,thursday ,22387563.1800
O'Leary Michael,thursday ,6135174.6100
O'Leary Michael,thursday ,15612606.1400
O'Leary Michael,thursday ,6968449.0400
O'Leary Michael,thursday ,11354641.9900
O'Leary Michael,thursday ,6986767.4400
O'Leary Michael,thursday ,11318005.1900
O'Leary Michael,thursday ,7069200.2400
O'Leary Michael,thursday ,7050881.8400
O'Leary Michael,thursday ,5320218.5800
O'Leary Michael,thursday ,8799863.5000
O'Leary Michael,thursday ,6162652.2100
O'Leary Michael,thursday ,12178757.2200
O'Leary Michael,thursday ,16528313.3700
O'Leary Michael,thursday ,8708271.5000
Panteley Sylvia,thursday ,3129777.6000
Panteley Sylvia,thursday ,6525847.4000
Panteley Sylvia,thursday ,6120462.1000
Panteley Sylvia,thursday ,7812218.1000
Panteley Sylvia,thursday ,7372080.4000
Panteley Sylvia,thursday ,8097491.7000
Panteley Sylvia,thursday ,8308349.6000
Panteley Sylvia,thursday ,5706656.9000
Panteley Sylvia,thursday ,6245483.5000
Panteley Sylvia,thursday ,6000764.6000
Panteley Sylvia,thursday ,4032663.0000
Panteley Sylvia,thursday ,8020966.5000
Panteley Sylvia,thursday ,7036646.2000
Panteley Sylvia,thursday ,7181275.5000
Ringer Albert,thursday ,31652965.9300
Ringer Albert,thursday ,30937792.2100
Ringer Albert,thursday ,22474772.6300
Ringer Albert,thursday ,26312659.7200
Ringer Albert,thursday ,40106741.2700
Ringer Albert,thursday ,28476422.3000
Ringer Albert,thursday ,24791058.3700
Ringer Albert,thursday ,21237238.3600
Ringer Albert,thursday ,32013427.1000
Ringer Albert,thursday ,37547649.4800
Ringer Albert,thursday ,20766573.5400
Ringer Albert,thursday ,27082906.5600
Ringer Albert,thursday ,36722577.2800
Ringer Albert,thursday ,25553930.6600
Ringer Anne,thursday ,4884231.8000
Ringer Anne,thursday ,5696334.8000
Ringer Anne,thursday ,2337860.6000
Ringer Anne,thursday ,3673912.8000
Ringer Anne,thursday ,4522703.2000
Ringer Anne,thursday ,4602346.4000
Ringer Anne,thursday ,2947721.4000
Ringer Anne,thursday ,3067186.2000
Ringer Anne,thursday ,3915976.6000
Ringer Anne,thursday ,3630957.0000
Ringer Anne,thursday ,5049786.6000
Ringer Anne,thursday ,3876155.0000
Ringer Anne,thursday ,4728079.6000
Ringer Anne,thursday ,2745479.2000
Smith Meander,thursday ,5400825.4500
Smith Meander,thursday ,2657194.2600
Smith Meander,thursday ,4103633.7300
Smith Meander,thursday ,5030449.7400
Smith Meander,thursday ,5008061.1900
Smith Meander,thursday ,5422466.7900
Smith Meander,thursday ,6528750.9300
Smith Meander,thursday ,3604904.4000
Smith Meander,thursday ,2689656.2700
Smith Meander,thursday ,3274075.3200
Smith Meander,thursday ,2603838.1200
Smith Meander,thursday ,4071171.7200
Smith Meander,thursday ,2603838.1200
Smith Meander,thursday ,3689975.3400
Straight Dean,thursday ,14470694.8600
Straight Dean,thursday ,13019121.7800
Straight Dean,thursday ,14929012.0600
Straight Dean,thursday ,10171956.8800
Straight Dean,thursday ,11270478.1800
Straight Dean,thursday ,13548807.5600
Straight Dean,thursday ,16974224.8200
Straight Dean,thursday ,13360927.8000
Straight Dean,thursday ,11001100.5800
Straight Dean,thursday ,16703637.6600
Straight Dean,thursday ,11568351.6400
Straight Dean,thursday ,8094512.3600
Straight Dean,thursday ,13889363.8200
Straight Dean,thursday ,13911317.5200
Stringer Dirk,thursday ,42207615.4500
Stringer Dirk,thursday ,48013015.0500
Stringer Dirk,thursday ,60771560.8500
Stringer Dirk,thursday ,58146016.5000
Stringer Dirk,thursday ,36428663.7000
Stringer Dirk,thursday ,39555623.2500
Stringer Dirk,thursday ,62222910.7500
Stringer Dirk,thursday ,50163592.0500
Stringer Dirk,thursday ,34726606.2000
Stringer Dirk,thursday ,61022268.4500
Stringer Dirk,thursday ,50163592.0500
Stringer Dirk,thursday ,46561665.1500
Stringer Dirk,thursday ,49688624.7000
Stringer Dirk,thursday ,53791966.8000
White Johnson,thursday ,5282759.3150
White Johnson,thursday ,5900873.7050
White Johnson,thursday ,7404049.1050
White Johnson,thursday ,5573859.5350
White Johnson,thursday ,6216048.7250
White Johnson,thursday ,6029782.9900
White Johnson,thursday ,7137955.2250
White Johnson,thursday ,7237959.4800
White Johnson,thursday ,5004568.9900
White Johnson,thursday ,7146456.7500
White Johnson,thursday ,5928119.2700
White Johnson,thursday ,5620749.7900
White Johnson,thursday ,8091554.6600
White Johnson,thursday ,9140927.1700
del Castillo Innes,thursday ,27022945.2000
del Castillo Innes,thursday ,16793629.4400
del Castillo Innes,thursday ,13552260.6600
del Castillo Innes,thursday ,19517392.2300
del Castillo Innes,thursday ,24248914.0500
del Castillo Innes,thursday ,17027613.7800
del Castillo Innes,thursday ,15809316.8700
del Castillo Innes,thursday ,12801301.3800
del Castillo Innes,thursday ,10880710.4100
del Castillo Innes,thursday ,17805651.4200
del Castillo Innes,thursday ,18181301.5800
del Castillo Innes,thursday ,13862619.6300
del Castillo Innes,thursday ,19504654.6200
del Castillo Innes,thursday ,20736320.1900
Bennet Abraham,friday   ,15053618.6700
Bennet Abraham,friday   ,11573829.1600
Bennet Abraham,friday   ,22160506.6600
Bennet Abraham,friday   ,15841924.4800
Bennet Abraham,friday   ,19424100.4900
Bennet Abraham,friday   ,16393279.1100
Bennet Abraham,friday   ,15885937.1200
Bennet Abraham,friday   ,18453242.9700
Bennet Abraham,friday   ,15688162.3600
Bennet Abraham,friday   ,12097030.1000
Bennet Abraham,friday   ,14243700.6300
Bennet Abraham,friday   ,19036185.7500
Bennet Abraham,friday   ,17299536.4900
Bennet Abraham,friday   ,20784307.3600
Blotchet-Halls Reginald,friday   ,6670075.2000
Blotchet-Halls Reginald,friday   ,7770450.4000
Blotchet-Halls Reginald,friday   ,5796831.2000
Blotchet-Halls Reginald,friday   ,7263986.4000
Blotchet-Halls Reginald,friday   ,6281097.6000
Blotchet-Halls Reginald,friday   ,6594364.8000
Blotchet-Halls Reginald,friday   ,7822645.6000
Blotchet-Halls Reginald,friday   ,7099514.4000
Blotchet-Halls Reginald,friday   ,6791456.8000
Blotchet-Halls Reginald,friday   ,7599454.4000
Blotchet-Halls Reginald,friday   ,7583774.4000
Blotchet-Halls Reginald,friday   ,5728959.2000
Blotchet-Halls Reginald,friday   ,7188272.8000
Blotchet-Halls Reginald,friday   ,6606098.4000
Carson Cheryl,friday   ,7589571.5000
Carson Cheryl,friday   ,4217321.5600
Carson Cheryl,friday   ,6466871.2400
Carson Cheryl,friday   ,5236514.9800
Carson Cheryl,friday   ,4038630.3400
Carson Cheryl,friday   ,6102332.4000
Carson Cheryl,friday   ,7714244.4000
Carson Cheryl,friday   ,2962030.7200
Carson Cheryl,friday   ,5622219.8800
Carson Cheryl,friday   ,4800560.2800
Carson Cheryl,friday   ,5397808.6600
Carson Cheryl,friday   ,7095829.9600
Carson Cheryl,friday   ,6165449.9400
Carson Cheryl,friday   ,7064119.6200
DeFrance Michel,friday   ,41725125.8800
DeFrance Michel,friday   ,29265313.0800
DeFrance Michel,friday   ,38497660.2500
DeFrance Michel,friday   ,39627794.4200
DeFrance Michel,friday   ,29171005.2700
DeFrance Michel,friday   ,35077657.6200
DeFrance Michel,friday   ,40102931.9700
DeFrance Michel,friday   ,36590743.6600
DeFrance Michel,friday   ,31555947.1500
DeFrance Michel,friday   ,37375691.7200
DeFrance Michel,friday   ,36297855.3400
DeFrance Michel,friday   ,26144242.2800
DeFrance Michel,friday   ,21778476.8400
DeFrance Michel,friday   ,30770233.4800
Dull Ann,friday   ,3445539.8300
Dull Ann,friday   ,2751044.7400
Dull Ann,friday   ,2508972.6600
Dull Ann,friday   ,3150889.7500
Dull Ann,friday   ,3298838.9500
Dull Ann,friday   ,2453379.7400
Dull Ann,friday   ,2310511.6800
Dull Ann,friday   ,2102512.5800
Dull Ann,friday   ,2502981.7500
Dull Ann,friday   ,2233710.9000
Dull Ann,friday   ,2475185.2900
Dull Ann,friday   ,2579470.4500
Dull Ann,friday   ,2673022.1100
Dull Ann,friday   ,2947062.0200
Green Marjorie,friday   ,8739316.0000
Green Marjorie,friday   ,8970694.8500
Green Marjorie,friday   ,4757529.5000
Green Marjorie,friday   ,6630677.2500
Green Marjorie,friday   ,11524966.5500
Green Marjorie,friday   ,7209399.6500
Green Marjorie,friday   ,7004039.2000
Green Marjorie,friday   ,6131675.3000
Green Marjorie,friday   ,8199509.0500
Green Marjorie,friday   ,6079862.8000
Green Marjorie,friday   ,5041053.9000
Green Marjorie,friday   ,7377401.1500
Green Marjorie,friday   ,6157136.3500
Green Marjorie,friday   ,6131675.3000
Greene Morningstar,friday   ,4413428.7500
Greene Morningstar,friday   ,4552353.5500
Greene Morningstar,friday   ,6537856.2400
Greene Morningstar,friday   ,4472252.7500
Greene Morningstar,friday   ,4186326.3500
Greene Morningstar,friday   ,3684168.9200
Greene Morningstar,friday   ,3036425.8900
Greene Morningstar,friday   ,4362031.9500
Greene Morningstar,friday   ,4716619.7800
Greene Morningstar,friday   ,2953676.4600
Greene Morningstar,friday   ,5039426.1800
Greene Morningstar,friday   ,3000297.2600
Greene Morningstar,friday   ,4594294.9800
Greene Morningstar,friday   ,7379985.5000
Gringlesby Burt,friday   ,7821860.8000
Gringlesby Burt,friday   ,7198332.8000
Gringlesby Burt,friday   ,6525006.4000
Gringlesby Burt,friday   ,9451581.6000
Gringlesby Burt,friday   ,9377480.0000
Gringlesby Burt,friday   ,7188224.0000
Gringlesby Burt,friday   ,6058309.6000
Gringlesby Burt,friday   ,12396158.4000
Gringlesby Burt,friday   ,6909708.8000
Gringlesby Burt,friday   ,9033948.0000
Gringlesby Burt,friday   ,6739985.6000
Gringlesby Burt,friday   ,6071936.8000
Gringlesby Burt,friday   ,7883816.0000
Gringlesby Burt,friday   ,6703814.4000
Hunter Sheryl,friday   ,10758042.1700
Hunter Sheryl,friday   ,13842917.3600
Hunter Sheryl,friday   ,10642403.2500
Hunter Sheryl,friday   ,15548404.6700
Hunter Sheryl,friday   ,11428521.0500
Hunter Sheryl,friday   ,13234040.6400
Hunter Sheryl,friday   ,10081710.8000
Hunter Sheryl,friday   ,7752326.6100
Hunter Sheryl,friday   ,8931356.6900
Hunter Sheryl,friday   ,9318709.7200
Hunter Sheryl,friday   ,10486621.3000
Hunter Sheryl,friday   ,15500165.0800
Hunter Sheryl,friday   ,10946988.2300
Hunter Sheryl,friday   ,10197349.7200
Karsen Livia,friday   ,14083822.1900
Karsen Livia,friday   ,12065001.7800
Karsen Livia,friday   ,5015992.8400
Karsen Livia,friday   ,8194448.3000
Karsen Livia,friday   ,13650635.8200
Karsen Livia,friday   ,15694253.9200
Karsen Livia,friday   ,12380517.1200
Karsen Livia,friday   ,9212663.6600
Karsen Livia,friday   ,5342110.1800
Karsen Livia,friday   ,24432372.2400
Karsen Livia,friday   ,14264056.1900
Karsen Livia,friday   ,14598230.8700
Karsen Livia,friday   ,9794278.0300
Karsen Livia,friday   ,14211046.1900
Locksley Charlene,friday   ,5983589.4600
Locksley Charlene,friday   ,5822449.7700
Locksley Charlene,friday   ,8337454.8600
Locksley Charlene,friday   ,7236248.4600
Locksley Charlene,friday   ,6623560.2300
Locksley Charlene,friday   ,6999382.4700
Locksley Charlene,friday   ,8595993.1800
Locksley Charlene,friday   ,5637088.2000
Locksley Charlene,friday   ,8603641.8300
Locksley Charlene,friday   ,7047315.1200
Locksley Charlene,friday   ,7208965.9200
Locksley Charlene,friday   ,5107263.8100
Locksley Charlene,friday   ,6865525.3200
Locksley Charlene,friday   ,7692896.1000
MacFeather Stearns,friday   ,1235795.8400
MacFeather Stearns,friday   ,1364834.6700
MacFeather Stearns,friday   ,1539399.9600
MacFeather Stearns,friday   ,2171012.2500
MacFeather Stearns,friday   ,2209182.6200
MacFeather Stearns,friday   ,2351125.1200
MacFeather Stearns,friday   ,2048343.1500
MacFeather Stearns,friday   ,2935073.4700
MacFeather Stearns,friday   ,1280808.8700
MacFeather Stearns,friday   ,2636996.6800
MacFeather Stearns,friday   ,2050541.3800
MacFeather Stearns,friday   ,2212901.4400
MacFeather Stearns,friday   ,2159957.5900
MacFeather Stearns,friday   ,1826463.1400
McBadden Heather,friday   ,23142284.1500
McBadden Heather,friday   ,20863702.2100
McBadden Heather,friday   ,18008850.0900
McBadden Heather,friday   ,16117357.1200
McBadden Heather,friday   ,19948616.1500
McBadden Heather,friday   ,17990239.1200
McBadden Heather,friday   ,15250010.2400
McBadden Heather,friday   ,9308707.0300
McBadden Heather,friday   ,18008817.1800
McBadden Heather,friday   ,15785433.2700
McBadden Heather,friday   ,15242538.0900
McBadden Heather,friday   ,13259684.0600
McBadden Heather,friday   ,24152400.0900
McBadden Heather,friday   ,18790155.0900
O'Leary Michael,friday   ,6245085.0100
O'Leary Michael,friday   ,11327164.3900
O'Leary Michael,friday   ,16409243.7700
O'Leary Michael,friday   ,11345482.7900
O'Leary Michael,friday   ,7005085.8400
O'Leary Michael,friday   ,11281368.3900
O'Leary Michael,friday   ,10548845.1600
O'Leary Michael,friday   ,10512208.3600
O'Leary Michael,friday   ,11308845.9900
O'Leary Michael,friday   ,7041722.6400
O'Leary Michael,friday   ,12123802.0200
O'Leary Michael,friday   ,7874997.0700
O'Leary Michael,friday   ,9678933.9300
O'Leary Michael,friday   ,9623978.7300
Panteley Sylvia,friday   ,6038580.9000
Panteley Sylvia,friday   ,5450303.7000
Panteley Sylvia,friday   ,5922870.8000
Panteley Sylvia,friday   ,4452269.3000
Panteley Sylvia,friday   ,8815193.1000
Panteley Sylvia,friday   ,6882227.2000
Panteley Sylvia,friday   ,8665683.8000
Panteley Sylvia,friday   ,6535635.9000
Panteley Sylvia,friday   ,6597940.1000
Panteley Sylvia,friday   ,3521833.3000
Panteley Sylvia,friday   ,10983026.4000
Panteley Sylvia,friday   ,7195051.4000
Panteley Sylvia,friday   ,5999426.9000
Panteley Sylvia,friday   ,4330758.1000
Ringer Albert,friday   ,22418705.9000
Ringer Albert,friday   ,29564483.1100
Ringer Albert,friday   ,19305994.8900
Ringer Albert,friday   ,16731498.3900
Ringer Albert,friday   ,19215082.1700
Ringer Albert,friday   ,42404974.4300
Ringer Albert,friday   ,27587804.5700
Ringer Albert,friday   ,19411237.3200
Ringer Albert,friday   ,33823705.7100
Ringer Albert,friday   ,26226218.9300
Ringer Albert,friday   ,27369093.0900
Ringer Albert,friday   ,21977012.9200
Ringer Albert,friday   ,20830150.3700
Ringer Albert,friday   ,30626186.8500
Ringer Anne,friday   ,3670778.6000
Ringer Anne,friday   ,4439925.8000
Ringer Anne,friday   ,2420638.0000
Ringer Anne,friday   ,2864944.0000
Ringer Anne,friday   ,5414449.4000
Ringer Anne,friday   ,2583058.6000
Ringer Anne,friday   ,4035441.4000
Ringer Anne,friday   ,4075263.0000
Ringer Anne,friday   ,4568793.2000
Ringer Anne,friday   ,3876155.0000
Ringer Anne,friday   ,3107007.8000
Ringer Anne,friday   ,5371493.6000
Ringer Anne,friday   ,2301173.2000
Ringer Anne,friday   ,3024230.4000
Smith Meander,friday   ,5423214.0000
Smith Meander,friday   ,3296463.8700
Smith Meander,friday   ,5359784.4000
Smith Meander,friday   ,3625798.5300
Smith Meander,friday   ,3614977.8600
Smith Meander,friday   ,5051343.8700
Smith Meander,friday   ,5071490.7900
Smith Meander,friday   ,2924593.7400
Smith Meander,friday   ,3720942.9300
Smith Meander,friday   ,1934348.1300
Smith Meander,friday   ,4329244.9500
Smith Meander,friday   ,3669828.4200
Smith Meander,friday   ,2583691.2000
Smith Meander,friday   ,2946235.0800
Straight Dean,friday   ,11802986.4400
Straight Dean,friday   ,12347573.0000
Straight Dean,friday   ,11428571.4200
Straight Dean,friday   ,8523071.9400
Straight Dean,friday   ,11611184.1600
Straight Dean,friday   ,9310313.9200
Straight Dean,friday   ,17244621.3600
Straight Dean,friday   ,12901240.0200
Straight Dean,friday   ,13483406.2000
Straight Dean,friday   ,14156175.3600
Straight Dean,friday   ,11468567.1200
Straight Dean,friday   ,13490081.4000
Straight Dean,friday   ,12840082.7400
Straight Dean,friday   ,15440949.4200
Stringer Dirk,friday   ,46310957.5500
Stringer Dirk,friday   ,38354980.9500
Stringer Dirk,friday   ,38354980.9500
Stringer Dirk,friday   ,45361022.8500
Stringer Dirk,friday   ,50414299.6500
Stringer Dirk,friday   ,34502346.4500
Stringer Dirk,friday   ,44635347.9000
Stringer Dirk,friday   ,40281298.2000
Stringer Dirk,friday   ,37629306.0000
Stringer Dirk,friday   ,69453212.4000
Stringer Dirk,friday   ,58845243.6000
Stringer Dirk,friday   ,42933290.4000
Stringer Dirk,friday   ,51865649.5500
Stringer Dirk,friday   ,73081587.1500
White Johnson,friday   ,6767066.1000
White Johnson,friday   ,6243155.5150
White Johnson,friday   ,7663370.8150
White Johnson,friday   ,8655160.6600
White Johnson,friday   ,4803816.1700
White Johnson,friday   ,4286612.2950
White Johnson,friday   ,4653961.4250
White Johnson,friday   ,6148318.8900
White Johnson,friday   ,4248019.7600
White Johnson,friday   ,6289168.2950
White Johnson,friday   ,5525743.3100
White Johnson,friday   ,8851944.9000
White Johnson,friday   ,7209033.8900
White Johnson,friday   ,10412557.8450
del Castillo Innes,friday   ,15600466.7100
del Castillo Innes,friday   ,12072901.0500
del Castillo Innes,friday   ,19425363.7200
del Castillo Innes,friday   ,19453414.1700
del Castillo Innes,friday   ,18388207.5600
del Castillo Innes,friday   ,15899401.2000
del Castillo Innes,friday   ,17752466.7900
del Castillo Innes,friday   ,13253957.2200
del Castillo Innes,friday   ,22031963.8200
del Castillo Innes,friday   ,19607135.5200
del Castillo Innes,friday   ,13099263.7800
del Castillo Innes,friday   ,8974460.1900
del Castillo Innes,friday   ,19283066.8500
del Castillo Innes,friday   ,16974429.1500
Bennet Abraham,saturday ,14674933.6500
Bennet Abraham,saturday ,11152562.9100
Bennet Abraham,saturday ,13774826.3200
Bennet Abraham,saturday ,12116144.5900
Bennet Abraham,saturday ,16454101.8000
Bennet Abraham,saturday ,19388450.0300
Bennet Abraham,saturday ,13969145.0800
Bennet Abraham,saturday ,14825772.5500
Bennet Abraham,saturday ,13941920.8800
Bennet Abraham,saturday ,22023196.1000
Bennet Abraham,saturday ,17027948.3500
Bennet Abraham,saturday ,14873160.9700
Bennet Abraham,saturday ,15375995.2400
Bennet Abraham,saturday ,19758892.5500
Blotchet-Halls Reginald,saturday ,5795520.0000
Blotchet-Halls Reginald,saturday ,7372320.0000
Blotchet-Halls Reginald,saturday ,8026261.6000
Blotchet-Halls Reginald,saturday ,6125778.4000
Blotchet-Halls Reginald,saturday ,6794085.6000
Blotchet-Halls Reginald,saturday ,4663839.2000
Blotchet-Halls Reginald,saturday ,5884278.4000
Blotchet-Halls Reginald,saturday ,6068325.6000
Blotchet-Halls Reginald,saturday ,6363332.0000
Blotchet-Halls Reginald,saturday ,6636137.6000
Blotchet-Halls Reginald,saturday ,5816409.6000
Blotchet-Halls Reginald,saturday ,8513153.6000
Blotchet-Halls Reginald,saturday ,6198860.0000
Blotchet-Halls Reginald,saturday ,8193362.4000
Carson Cheryl,saturday ,4742773.4400
Carson Cheryl,saturday ,5136776.6600
Carson Cheryl,saturday ,6437787.5000
Carson Cheryl,saturday ,4743154.0800
Carson Cheryl,saturday ,5185884.5400
Carson Cheryl,saturday ,3757193.5600
Carson Cheryl,saturday ,4345382.3400
Carson Cheryl,saturday ,6985166.7200
Carson Cheryl,saturday ,3513178.4600
Carson Cheryl,saturday ,6301428.4000
Carson Cheryl,saturday ,3305784.1400
Carson Cheryl,saturday ,5057062.4800
Carson Cheryl,saturday ,4796030.4800
Carson Cheryl,saturday ,4917315.5000
DeFrance Michel,saturday ,41667550.1900
DeFrance Michel,saturday ,34065562.5700
DeFrance Michel,saturday ,31455595.8300
DeFrance Michel,saturday ,28461320.7000
DeFrance Michel,saturday ,39777555.7900
DeFrance Michel,saturday ,25198479.4700
DeFrance Michel,saturday ,30527520.8200
DeFrance Michel,saturday ,43089807.0700
DeFrance Michel,saturday ,40957100.0100
DeFrance Michel,saturday ,34114972.6200
DeFrance Michel,saturday ,25182913.8000
DeFrance Michel,saturday ,36038220.4900
DeFrance Michel,saturday ,40087366.3000
DeFrance Michel,saturday ,29950675.4300
Dull Ann,saturday ,2530492.6000
Dull Ann,saturday ,2442619.7700
Dull Ann,saturday ,3128798.5900
Dull Ann,saturday ,3051685.7300
Dull Ann,saturday ,2173634.5300
Dull Ann,saturday ,2376552.4900
Dull Ann,saturday ,2701130.6500
Dull Ann,saturday ,2749225.2000
Dull Ann,saturday ,2503579.4400
Dull Ann,saturday ,2964124.9800
Dull Ann,saturday ,3309598.9200
Dull Ann,saturday ,2465335.0900
Dull Ann,saturday ,2754279.8700
Dull Ann,saturday ,2507724.3400
Green Marjorie,saturday ,8826930.9500
Green Marjorie,saturday ,5272208.4500
Green Marjorie,saturday ,8944343.4000
Green Marjorie,saturday ,8429107.1000
Green Marjorie,saturday ,6477129.3000
Green Marjorie,saturday ,5232626.9000
Green Marjorie,saturday ,4578187.4500
Green Marjorie,saturday ,6657361.7500
Green Marjorie,saturday ,6593318.3000
Green Marjorie,saturday ,6914534.7000
Green Marjorie,saturday ,5322131.4000
Green Marjorie,saturday ,7583094.6500
Green Marjorie,saturday ,7212179.6000
Green Marjorie,saturday ,7259988.7000
Greene Morningstar,saturday ,6392885.6700
Greene Morningstar,saturday ,4308651.1500
Greene Morningstar,saturday ,3480842.8600
Greene Morningstar,saturday ,3510680.2900
Greene Morningstar,saturday ,5711895.6100
Greene Morningstar,saturday ,3640566.0600
Greene Morningstar,saturday ,4807212.7500
Greene Morningstar,saturday ,7003798.3000
Greene Morningstar,saturday ,3510729.8900
Greene Morningstar,saturday ,3482025.8900
Greene Morningstar,saturday ,5220279.9500
Greene Morningstar,saturday ,3911420.1200
Greene Morningstar,saturday ,5286429.3800
Greene Morningstar,saturday ,4331296.9200
Gringlesby Burt,saturday ,7074889.6000
Gringlesby Burt,saturday ,7031392.8000
Gringlesby Burt,saturday ,8075794.4000
Gringlesby Burt,saturday ,9537094.4000
Gringlesby Burt,saturday ,8509103.2000
Gringlesby Burt,saturday ,6531308.0000
Gringlesby Burt,saturday ,7827427.2000
Gringlesby Burt,saturday ,9946100.0000
Gringlesby Burt,saturday ,9119460.8000
Gringlesby Burt,saturday ,5687234.4000
Gringlesby Burt,saturday ,7201116.0000
Gringlesby Burt,saturday ,7440398.4000
Gringlesby Burt,saturday ,7767976.8000
Gringlesby Burt,saturday ,6462772.8000
Hunter Sheryl,saturday ,10270656.8600
Hunter Sheryl,saturday ,9097186.0300
Hunter Sheryl,saturday ,11814216.4900
Hunter Sheryl,saturday ,11792757.3600
Hunter Sheryl,saturday ,10748288.0200
Hunter Sheryl,saturday ,9800535.7800
Hunter Sheryl,saturday ,8442020.5500
Hunter Sheryl,saturday ,10285970.2600
Hunter Sheryl,saturday ,5844530.6700
Hunter Sheryl,saturday ,12293798.4800
Hunter Sheryl,saturday ,12394124.0000
Hunter Sheryl,saturday ,9682946.0300
Hunter Sheryl,saturday ,9889156.3200
Hunter Sheryl,saturday ,11446078.5200
Karsen Livia,saturday ,21008151.7900
Karsen Livia,saturday ,12348711.1200
Karsen Livia,saturday ,11032590.7300
Karsen Livia,saturday ,12611216.4600
Karsen Livia,saturday ,6374521.2300
Karsen Livia,saturday ,935944.0200
Karsen Livia,saturday ,5069002.8400
Karsen Livia,saturday ,16758470.9700
Karsen Livia,saturday ,10748881.3900
Karsen Livia,saturday ,9826084.0300
Karsen Livia,saturday ,10748881.3900
Karsen Livia,saturday ,11525795.4100
Karsen Livia,saturday ,2347482.4100
Karsen Livia,saturday ,11085600.7300
Locksley Charlene,saturday ,8096511.9900
Locksley Charlene,saturday ,9667878.6000
Locksley Charlene,saturday ,5507819.0400
Locksley Charlene,saturday ,4193968.5300
Locksley Charlene,saturday ,6811471.3500
Locksley Charlene,saturday ,8624803.0500
Locksley Charlene,saturday ,7746438.9600
Locksley Charlene,saturday ,6540696.3900
Locksley Charlene,saturday ,5475437.4000
Locksley Charlene,saturday ,8037358.9200
Locksley Charlene,saturday ,7637314.8000
Locksley Charlene,saturday ,6623049.1200
Locksley Charlene,saturday ,7392289.0500
Locksley Charlene,saturday ,8152604.4000
MacFeather Stearns,saturday ,1485325.7900
MacFeather Stearns,saturday ,1622234.1400
MacFeather Stearns,saturday ,1815881.4100
MacFeather Stearns,saturday ,2583066.4700
MacFeather Stearns,saturday ,1740547.2800
MacFeather Stearns,saturday ,1893787.5500
MacFeather Stearns,saturday ,2740293.2300
MacFeather Stearns,saturday ,1241692.6400
MacFeather Stearns,saturday ,2595476.9600
MacFeather Stearns,saturday ,1490873.3700
MacFeather Stearns,saturday ,1549012.9300
MacFeather Stearns,saturday ,2270691.7800
MacFeather Stearns,saturday ,2820825.7200
MacFeather Stearns,saturday ,1774138.8300
McBadden Heather,saturday ,15587778.0900
McBadden Heather,saturday ,21536718.0900
McBadden Heather,saturday ,18972321.0900
McBadden Heather,saturday ,23217666.2700
McBadden Heather,saturday ,18556996.1200
McBadden Heather,saturday ,17366856.2700
McBadden Heather,saturday ,22401457.1200
McBadden Heather,saturday ,19659611.1500
McBadden Heather,saturday ,23529386.2400
McBadden Heather,saturday ,20766207.0900
McBadden Heather,saturday ,14670317.1500
McBadden Heather,saturday ,9745042.2100
McBadden Heather,saturday ,19217981.1500
McBadden Heather,saturday ,15663193.1200
O'Leary Michael,saturday ,9614819.5300
O'Leary Michael,saturday ,6977608.2400
O'Leary Michael,saturday ,7014245.0400
O'Leary Michael,saturday ,9596501.1300
O'Leary Michael,saturday ,8726589.9000
O'Leary Michael,saturday ,12187916.4200
O'Leary Michael,saturday ,12206234.8200
O'Leary Michael,saturday ,8772385.9000
O'Leary Michael,saturday ,7911633.8700
O'Leary Michael,saturday ,7142473.8400
O'Leary Michael,saturday ,9605660.3300
O'Leary Michael,saturday ,8735749.1000
O'Leary Michael,saturday ,9596501.1300
O'Leary Michael,saturday ,13030350.0500
Panteley Sylvia,saturday ,6689577.7000
Panteley Sylvia,saturday ,8589635.8000
Panteley Sylvia,saturday ,5889995.1000
Panteley Sylvia,saturday ,7592016.8000
Panteley Sylvia,saturday ,4654262.2000
Panteley Sylvia,saturday ,5946466.1000
Panteley Sylvia,saturday ,5516594.1000
Panteley Sylvia,saturday ,4239565.6000
Panteley Sylvia,saturday ,7493591.6000
Panteley Sylvia,saturday ,7277409.8000
Panteley Sylvia,saturday ,6145872.3000
Panteley Sylvia,saturday ,8232301.6000
Panteley Sylvia,saturday ,4789549.3000
Panteley Sylvia,saturday ,4041052.0000
Ringer Albert,saturday ,30130396.2900
Ringer Albert,saturday ,20471624.2800
Ringer Albert,saturday ,26821846.5200
Ringer Albert,saturday ,24009659.5200
Ringer Albert,saturday ,29061032.9100
Ringer Albert,saturday ,28545150.7300
Ringer Albert,saturday ,14909343.4500
Ringer Albert,saturday ,25120896.2000
Ringer Albert,saturday ,23325085.5800
Ringer Albert,saturday ,37100460.9300
Ringer Albert,saturday ,26695341.2500
Ringer Albert,saturday ,28232645.2100
Ringer Albert,saturday ,22810546.2500
Ringer Albert,saturday ,21821393.0100
Ringer Anne,saturday ,1813911.4000
Ringer Anne,saturday ,2463593.8000
Ringer Anne,saturday ,4038575.6000
Ringer Anne,saturday ,3474804.8000
Ringer Anne,saturday ,4240817.8000
Ringer Anne,saturday ,4522703.2000
Ringer Anne,saturday ,3958932.4000
Ringer Anne,saturday ,3597403.8000
Ringer Anne,saturday ,2662701.8000
Ringer Anne,saturday ,3998754.0000
Ringer Anne,saturday ,1372739.6000
Ringer Anne,saturday ,3876155.0000
Ringer Anne,saturday ,4645302.2000
Ringer Anne,saturday ,3912842.4000
Smith Meander,saturday ,2914520.2800
Smith Meander,saturday ,3318105.2100
Smith Meander,saturday ,5380678.5300
Smith Meander,saturday ,4285962.2700
Smith Meander,saturday ,6476142.0000
Smith Meander,saturday ,3658260.5400
Smith Meander,saturday ,3254675.6100
Smith Meander,saturday ,4029383.4600
Smith Meander,saturday ,4370286.0000
Smith Meander,saturday ,2648615.2200
Smith Meander,saturday ,3265496.2800
Smith Meander,saturday ,4166316.1200
Smith Meander,saturday ,2615406.0000
Smith Meander,saturday ,2710550.4000
Straight Dean,saturday ,12967664.3200
Straight Dean,saturday ,11613079.1400
Straight Dean,saturday ,6822582.6400
Straight Dean,saturday ,11858311.6600
Straight Dean,saturday ,12712366.4800
Straight Dean,saturday ,16832765.4000
Straight Dean,saturday ,10952102.2200
Straight Dean,saturday ,11404979.6400
Straight Dean,saturday ,9688193.1200
Straight Dean,saturday ,11136247.2600
Straight Dean,saturday ,14103508.3400
Straight Dean,saturday ,13679021.0000
Straight Dean,saturday ,16347576.3000
Straight Dean,saturday ,15976346.4400
Stringer Dirk,saturday ,67526895.1500
Stringer Dirk,saturday ,36177956.1000
Stringer Dirk,saturday ,34726606.2000
Stringer Dirk,saturday ,35702988.7500
Stringer Dirk,saturday ,54042674.4000
Stringer Dirk,saturday ,61022268.4500
Stringer Dirk,saturday ,39331363.5000
Stringer Dirk,saturday ,56918926.3500
Stringer Dirk,saturday ,56443959.0000
Stringer Dirk,saturday ,48738690.0000
Stringer Dirk,saturday ,68978245.0500
Stringer Dirk,saturday ,52564876.6500
Stringer Dirk,saturday ,51865649.5500
Stringer Dirk,saturday ,60520853.2500
White Johnson,saturday ,6823514.4250
White Johnson,saturday ,5911913.6050
White Johnson,saturday ,8176560.5250
White Johnson,saturday ,6724852.0450
White Johnson,saturday ,7105266.7250
White Johnson,saturday ,7499285.1000
White Johnson,saturday ,5595191.7250
White Johnson,saturday ,5853452.0300
White Johnson,saturday ,7234797.6250
White Johnson,saturday ,5823442.5450
White Johnson,saturday ,8493385.2400
White Johnson,saturday ,4441360.1150
White Johnson,saturday ,6605222.2250
White Johnson,saturday ,5667716.2800
del Castillo Innes,saturday ,21163210.8000
del Castillo Innes,saturday ,16754785.5600
del Castillo Innes,saturday ,13954648.1400
del Castillo Innes,saturday ,13487310.5100
del Castillo Innes,saturday ,16727707.2000
del Castillo Innes,saturday ,12850597.6500
del Castillo Innes,saturday ,14835166.6800
del Castillo Innes,saturday ,26517735.7800
del Castillo Innes,saturday ,18309888.7500
del Castillo Innes,saturday ,24650329.4400
del Castillo Innes,saturday ,19917835.5300
del Castillo Innes,saturday ,16093910.6100
del Castillo Innes,saturday ,14330929.3500
del Castillo Innes,saturday ,16171257.3300
